,is4G,is3G,is2G,speed,RSRP,RSRQ,RSSI,SNR,CQI,UL_Bandwidth,bandwidth
0,1.0,0.0,0.0,0.0,-95.0,-13.0,-78.88587392869641,3.114126071303585,9.0,0.0,0.0
1,1.0,0.0,0.0,0.5,-95.0,-13.0,-80.0,13.0,9.0,0.0,0.0
2,1.0,0.0,0.0,1.0,-97.0,-13.0,-80.0,-2.0,9.0,5.1875,134.3125
3,1.0,0.0,0.0,0.0,-96.0,-12.0,-80.88587392869641,5.0,9.0,4.1875,114.5625
4,1.0,0.0,0.0,0.0,-102.0,-14.0,-83.88587392869641,1.0000000000000004,6.5,4.5625,108.3125
5,1.0,0.0,0.0,0.0,-100.0,-14.0,-81.88587392869641,0.0,7.5,3.375,122.3125
6,1.0,0.0,0.0,0.0,-100.0,-14.0,-83.0,0.7571916079420599,5.0,2.65625,80.375
7,1.0,0.0,0.0,0.0,-101.24595133227496,-14.0,-86.0,1.528718953798861,7.0,1.375,69.125
8,1.0,0.0,0.0,0.0,-103.0,-14.471281046201142,-84.88587392869641,1.1141260713035854,7.0,2.625,83.8125
9,1.0,0.0,0.0,0.0,-103.88587392869641,-15.885873928696414,-86.88587392869641,-1.5548953255468758,6.5,0.8125,20.1875
10,1.0,0.0,0.0,0.0,-103.88587392869641,-16.471281046201142,-83.88587392869641,-4.47128104620114,8.0,1.6875,82.4375
11,1.0,0.0,0.0,0.0,-102.47128104620114,-15.742808392057942,-82.18555914976395,-3.2459513322749585,8.25,2.96875,104.46875
12,1.0,0.0,0.0,0.0,-101.0,-15.0,-81.81698947597886,1.0000000000000004,6.5,3.125,68.9375
13,1.0,0.0,0.0,0.0,-102.0,-15.0,-85.0,2.0,7.0,1.0,30.0
14,1.0,0.0,0.0,0.0,-104.0,-16.0,-82.88587392869641,-3.0000000000000004,7.0,1.6875,78.1875
15,1.0,0.0,0.0,0.0,-100.0,-14.0,-85.24595133227496,1.0000000000000004,6.0,2.3125,102.0
16,1.0,0.0,0.0,3.0,-101.24595133227496,-13.47128104620114,-87.0,1.0000000000000004,6.0,2.25,77.5
17,1.0,0.0,0.0,3.0,-103.74280839205794,-13.742808392057942,-87.0,1.0000000000000004,6.0,3.0625,67.71875
18,1.0,0.0,0.0,3.0,-104.0,-14.0,-87.0,0.5287189537988601,6.0,2.25,59.375
19,1.0,0.0,0.0,3.0,-104.88587392869641,-14.0,-87.88587392869641,0.0,6.5,2.3125,66.3125
20,1.0,0.0,0.0,3.0,-106.0,-14.0,-85.24595133227496,1.1141260713035854,6.5,3.0,156.5
21,1.0,0.0,0.0,3.0,-102.24595133227496,-14.0,-85.24595133227496,2.5287189537988604,6.5,1.8125,55.1875
22,1.0,0.0,0.0,3.0,-102.88587392869641,-14.0,-86.24595133227496,2.5287189537988604,6.0,4.3125,99.0625
23,1.0,0.0,0.0,3.0,-102.68555914976395,-14.24280839205794,-88.0,1.528718953798861,6.0,2.15625,111.4375
24,1.0,0.0,0.0,3.0,-105.0,-15.0,-88.0,0.0,6.0,2.125,110.375
25,1.0,0.0,0.0,3.0,-105.0,-13.0,-86.88587392869641,3.9999999999999996,6.0,2.9375,104.8125
26,1.0,0.0,0.0,4.0,-101.81698947597887,-13.0,-85.55489532554688,3.52871895379886,7.0,4.3125,182.375
27,1.0,0.0,0.0,4.0,-107.0,-15.0,-90.0,5.0,8.0,2.3125,95.0
28,1.0,0.0,0.0,4.0,-108.0,-14.0,-90.0,1.0000000000000004,8.0,2.0,71.9375
29,1.0,0.0,0.0,4.0,-108.0,-13.242808392057942,-90.0,2.5287189537988604,8.0,2.4375,104.0625
30,1.0,0.0,0.0,4.0,-108.47128104620114,-13.0,-92.47128104620114,3.0,5.5,1.375,57.25
31,1.0,0.0,0.0,4.0,-110.24595133227496,-13.47128104620114,-94.0,2.5287189537988604,6.0,2.25,98.5
32,1.0,0.0,0.0,4.0,-110.24595133227496,-14.885873928696416,-92.88587392869641,0.4451046744531256,6.0,4.1875,155.1875
33,1.0,0.0,0.0,4.0,-107.24595133227496,-15.471281046201142,-90.55489532554688,0.4451046744531256,8.0,5.375,280.25
34,1.0,0.0,0.0,4.0,-106.0,-15.0,-93.0,2.0,9.0,6.0,272.5
35,1.0,0.0,0.0,4.0,-109.0,-16.0,-90.88587392869641,1.0000000000000004,8.0,2.5,122.25
36,1.0,0.0,0.0,4.0,-109.0,-17.0,-94.0,1.0000000000000004,7.0,3.0625,110.8125
37,1.0,0.0,0.0,4.0,-112.0,-17.0,-94.0,-1.0,7.0,5.8125,215.9375
38,1.0,0.0,0.0,4.0,-109.0,-16.0,-92.0,-3.0000000000000004,8.0,4.5625,234.0625
39,1.0,0.0,0.0,4.0,-108.74280839205794,-16.0,-90.24595133227496,-3.2428083920579405,8.0,4.46875,219.375
40,1.0,0.0,0.0,4.0,-104.81698947597889,-14.885873928696416,-86.88587392869641,-2.2459513322749594,8.0,5.375,278.125
41,1.0,0.0,0.0,4.0,-98.22020246011414,-14.0,-85.0725407530773,2.1830105240211335,7.0,8.875,476.0
42,1.0,0.0,0.0,4.0,-96.88587392869641,-14.471281046201142,-83.37137961520602,3.114126071303585,7.5,7.8125,380.1875
43,1.0,0.0,0.0,4.0,-100.22020246011415,-15.885873928696414,-89.24595133227497,2.0,7.5,8.125,213.8125
44,1.0,0.0,0.0,3.0,-105.0,-17.0,-88.0,2.0,9.0,5.75,225.0
45,1.0,0.0,0.0,3.0,-105.0,-16.0,-88.37137961520602,2.0,4.5,3.1875,136.9375
46,1.0,0.0,0.0,3.0,-111.0,-18.0,-88.03707201955285,-1.0,7.5,3.25,137.625
47,1.0,0.0,0.0,3.0,-108.0,-16.0,-91.88587392869641,-4.0,3.5,2.0,39.1875
48,1.0,0.0,0.0,3.0,-106.0,-17.0,-89.0,-10.0,2.0,4.25,74.375
49,1.0,0.0,0.0,3.0,-106.0,-17.0,-89.0,-8.47128104620114,2.0,3.21875,128.65625
50,1.0,0.0,0.0,3.0,-104.88587392869641,-16.471281046201142,-88.55489532554687,-8.885873928696416,3.0,3.5,90.8125
51,1.0,0.0,0.0,3.0,-105.55489532554688,-15.471281046201142,-90.88587392869641,-8.885873928696416,6.0,3.3125,122.5625
52,1.0,0.0,0.0,3.0,-108.0,-15.0,-92.0,-4.8169894759788665,8.0,1.875,85.1875
53,1.0,0.0,0.0,2.0,-107.18555914976395,-15.471281046201142,-89.47128104620114,-2.0,7.75,1.75,87.28125
54,1.0,0.0,0.0,2.0,-105.0,-17.0,-88.0,-2.0,7.0,1.875,92.9375
55,1.0,0.0,0.0,2.0,-105.0,-14.0,-86.68555914976395,-2.0,8.0,1.5625,83.125
56,1.0,0.0,0.0,2.0,-103.0,-14.0,-89.0,-1.0,8.0,4.8125,158.625
57,1.0,0.0,0.0,2.0,-104.0,-14.0,-89.0,1.0000000000000004,7.0,4.625,253.0
58,1.0,0.0,0.0,2.0,-104.0,-15.0,-87.0,0.0,8.0,3.84375,120.875
59,1.0,0.0,0.0,2.0,-104.47128104620114,-15.0,-87.88587392869641,-0.47128104620113964,8.0,5.9375,292.125
60,1.0,0.0,0.0,2.0,-104.47128104620114,-14.471281046201142,-87.0,-1.47128104620114,7.0,13.125,636.6875
61,1.0,0.0,0.0,2.5,-104.0,-14.0,-87.0,-2.0,7.0,9.5,510.25
62,1.0,0.0,0.0,3.0,-104.24595133227497,-13.47128104620114,-87.88587392869641,0.5287189537988601,7.0,9.25,496.1875
63,1.0,0.0,0.0,3.0,-105.47128104620114,-13.885873928696416,-89.0,-0.47128104620113964,7.0,7.0625,380.875
64,1.0,0.0,0.0,3.0,-104.47128104620114,-14.471281046201142,-86.0,-0.47128104620113964,6.0,5.03125,226.78125
65,1.0,0.0,0.0,3.0,-103.0,-13.0,-86.0,1.0000000000000004,6.0,7.25,263.875
66,1.0,0.0,0.0,1.0,-102.0,-14.0,-84.24595133227497,1.0000000000000004,6.0,10.5,535.375
67,1.0,0.0,0.0,1.0,-103.0,-14.0,-86.47128104620114,-0.22020246011414668,6.5,5.8125,213.125
68,1.0,0.0,0.0,1.0,-101.0,-14.0,-84.0,1.0000000000000004,6.0,9.0,185.53125
69,1.0,0.0,0.0,1.5,-101.0,-14.0,-84.47128104620114,2.1141260713035854,7.0,0.0,0.0
70,1.0,0.0,0.0,2.0,-101.47128104620114,-14.471281046201142,-82.88587392869641,2.1141260713035854,6.5,13.125,694.75
71,1.0,0.0,0.0,2.0,-99.88587392869641,-13.47128104620114,-82.88587392869641,1.528718953798861,9.0,22.125,1191.0625
72,1.0,0.0,0.0,2.0,-99.0,-13.0,-80.47128104620114,2.0,9.75,8.25,442.75
73,1.0,0.0,0.0,2.0,-98.0,-13.0,-76.24595133227496,7.754048667725042,8.5,22.75,559.125
74,1.0,0.0,0.0,2.0,-95.0,-13.0,-78.0,8.0,8.0,13.25,508.125
75,1.0,0.0,0.0,2.0,-95.0,-13.0,-78.88587392869641,8.0,8.0,11.8125,625.5
76,1.0,0.0,0.0,2.0,-95.0,-13.0,-78.47128104620114,9.52871895379886,8.0,9.375,500.71875
77,1.0,0.0,0.0,2.0,-94.47128104620114,-13.0,-78.98722040064358,11.114126071303584,9.0,15.6875,833.1875
78,1.0,0.0,0.0,1.0,-94.0,-13.0,-78.24595133227496,12.0,9.5,16.875,896.0625
79,1.0,0.0,0.0,0.0,-94.88587392869641,-13.0,-79.0,11.114126071303584,9.0,15.1875,568.9375
80,1.0,0.0,0.0,0.0,-93.55489532554687,-13.0,-76.55489532554688,11.114126071303584,10.5,11.1875,603.1875
81,1.0,0.0,0.0,0.0,-92.0,-13.0,-77.88587392869641,12.0,11.25,16.53125,605.28125
82,1.0,0.0,0.0,0.0,-95.0,-13.0,-74.0,13.0,11.0,9.4375,508.0625
83,1.0,0.0,0.0,1.0,-91.0,-13.0,-78.55489532554688,14.114126071303584,11.0,6.5,328.5
84,1.0,0.0,0.0,2.0,-100.0,-13.0,-83.0,10.0,9.0,5.875,129.25
85,1.0,0.0,0.0,2.0,-97.0,-12.0,-80.41550071214945,8.0,8.0,10.0,287.1875
86,1.0,0.0,0.0,2.0,-93.0,-13.0,-82.16550071214947,9.52871895379886,8.5,6.6875,312.6875
87,1.0,0.0,0.0,2.0,-95.37137961520601,-13.0,-83.91550071214948,8.0,7.0,8.625,290.6875
88,1.0,0.0,0.0,2.0,-100.47128104620114,-13.0,-85.66550071214948,6.754048667725041,7.0,5.0,199.875
89,1.0,0.0,0.0,2.0,-98.24595133227496,-12.471281046201138,-82.22020246011414,3.52871895379886,8.5,7.125,316.5625
90,1.0,0.0,0.0,2.0,-98.24595133227496,-12.471281046201138,-83.88587392869641,3.9999999999999996,7.0,5.0625,259.25
91,1.0,0.0,0.0,2.0,-99.74280839205792,-13.0,-83.0,3.9999999999999996,7.0,10.03125,533.28125
92,1.0,0.0,0.0,2.0,-99.0,-13.0,-83.88587392869641,3.9999999999999996,7.5,7.0,373.9375
93,1.0,0.0,0.0,2.0,-99.0,-12.0,-82.0,5.0,10.0,10.6875,479.625
94,1.0,0.0,0.0,2.0,-98.0,-13.0,-82.0,5.999999999999998,10.0,13.625,461.1875
95,1.0,0.0,0.0,2.0,-101.0,-13.0,-80.81698947597886,3.9999999999999996,8.5,12.75,358.5625
96,1.0,0.0,0.0,2.0,-97.0,-14.0,-77.88587392869641,5.999999999999998,9.25,32.71875,922.375
97,1.0,0.0,0.0,2.0,-97.0,-13.47128104620114,-75.47128104620114,6.52871895379886,11.0,13.0,658.375
98,1.0,0.0,0.0,2.5,-97.0,-13.0,-80.0,7.0,9.0,10.9375,429.125
99,1.0,0.0,0.0,3.0,-95.88587392869641,-13.0,-78.88587392869641,6.52871895379886,8.5,10.9375,580.8125
100,1.0,0.0,0.0,3.0,-93.24595133227496,-13.0,-78.74280839205794,9.183010524021133,12.0,11.5625,620.625
101,1.0,0.0,0.0,3.0,-92.0,-13.0,-79.74280839205794,11.0,9.0,12.53125,673.40625
102,1.0,0.0,0.0,2.5,-97.0,-13.0,-80.0,9.0,10.5,16.3125,875.75
103,1.0,0.0,0.0,2.0,-98.0,-13.0,-80.0,10.0,9.5,12.75,675.1875
104,1.0,0.0,0.0,2.0,-99.0,-12.0,-82.0,11.0,11.0,12.0,643.0625
105,1.0,0.0,0.0,3.0,-95.0,-12.0,-79.55489532554688,9.75404866772504,10.0,20.5,538.125
106,1.0,0.0,0.0,4.0,-103.0,-13.0,-86.88587392869641,5.0,7.0,7.90625,291.4375
107,1.0,0.0,0.0,4.0,-103.0,-13.0,-88.88587392869641,6.114126071303585,7.5,13.75,617.125
108,1.0,0.0,0.0,4.0,-103.88587392869641,-12.471281046201138,-88.0,6.114126071303585,8.0,8.375,292.8125
109,1.0,0.0,0.0,4.0,-105.47128104620114,-12.885873928696414,-88.88587392869641,4.628620384793983,8.0,4.6875,131.3125
110,1.0,0.0,0.0,4.0,-106.0,-14.0,-88.88587392869641,0.11412607130358521,7.5,7.0625,181.0
111,1.0,0.0,0.0,4.0,-106.0,-14.885873928696416,-88.0,0.5287189537988601,7.0,4.3125,134.375
112,1.0,0.0,0.0,4.0,-106.0,-16.0,-88.0,0.0,7.0,2.90625,74.9375
113,1.0,0.0,0.0,4.0,-106.0,-15.0,-92.0,-3.0000000000000004,4.0,2.9375,117.4375
114,1.0,0.0,0.0,3.0,-109.0,-16.0,-90.47128104620114,-4.0,5.5,1.5625,51.0
115,1.0,0.0,0.0,3.0,-108.0,-18.0,-91.24595133227496,-5.0,5.0,2.0625,54.4375
116,1.0,0.0,0.0,3.0,-110.0,-18.0,-93.0,-6.0,4.0,2.1875,76.8125
117,1.0,0.0,0.0,3.0,-110.0,-16.0,-93.0,-6.0,4.0,3.875,198.4375
118,1.0,0.0,0.0,4.0,-109.47128104620114,-15.471281046201142,-93.0,-4.885873928696415,4.0,4.125,208.25
119,1.0,0.0,0.0,4.0,-109.0,-15.471281046201142,-91.88587392869641,-4.0,5.0,4.3125,220.8125
120,1.0,0.0,0.0,4.0,-107.24595133227496,-14.885873928696416,-89.0,-3.47128104620114,7.0,6.3125,276.0625
121,1.0,0.0,0.0,4.0,-102.81698947597887,-14.471281046201142,-85.0,-0.5548953255468753,6.0,3.4375,184.5
122,1.0,0.0,0.0,2.0,-101.88587392869641,-14.471281046201142,-85.0,1.528718953798861,6.0,4.6875,241.125
123,1.0,0.0,0.0,2.0,-103.0,-14.0,-85.0,2.0,6.0,10.53125,562.3125
124,1.0,0.0,0.0,2.0,-104.0,-15.0,-85.0,3.9999999999999996,6.0,0.9375,20.25
125,1.0,0.0,0.0,2.0,-103.0,-15.0,-85.0,1.0000000000000004,6.0,7.1875,352.1875
126,1.0,0.0,0.0,3.0,-101.88587392869641,-13.885873928696416,-85.0,2.7540486677250415,6.0,5.0625,253.625
127,1.0,0.0,0.0,3.0,-100.0,-13.0,-83.0,5.999999999999998,7.0,10.5,442.375
128,1.0,0.0,0.0,3.0,-101.0,-13.0,-83.0,5.999999999999998,7.0,3.90625,212.40625
129,1.0,0.0,0.0,3.0,-99.24595133227497,-13.0,-81.88587392869641,5.999999999999998,7.5,4.875,265.5625
130,1.0,0.0,0.0,3.0,-99.24595133227497,-13.47128104620114,-83.0,4.445104674453125,6.5,4.1875,203.375
131,1.0,0.0,0.0,3.0,-99.88587392869641,-13.47128104620114,-83.88587392869641,3.754048667725041,7.5,5.9375,285.125
132,1.0,0.0,0.0,3.0,-98.47128104620114,-13.0,-82.0,5.528718953798859,7.0,6.1875,202.625
133,1.0,0.0,0.0,3.0,-98.0,-13.0,-82.0,5.999999999999998,7.0,7.0,348.0625
134,1.0,0.0,0.0,3.0,-100.0,-13.0,-79.81698947597887,7.0,8.5,8.8125,459.1875
135,1.0,0.0,0.0,3.0,-100.0,-13.0,-80.81698947597886,8.0,10.0,9.125,425.6875
136,1.0,0.0,0.0,3.0,-101.0,-13.0,-82.55489532554688,10.0,8.0,8.25,430.5
137,1.0,0.0,0.0,3.0,-98.0,-13.0,-81.88587392869641,7.0,8.0,13.4375,571.6875
138,1.0,0.0,0.0,3.0,-98.74280839205794,-13.0,-83.0,8.52871895379886,9.0,12.875,632.53125
139,1.0,0.0,0.0,4.0,-97.24595133227496,-13.0,-79.0,10.114126071303586,12.0,20.6875,1006.5
140,1.0,0.0,0.0,4.0,-96.47128104620114,-13.0,-81.0,10.528718953798858,13.0,14.8125,786.3125
141,1.0,0.0,0.0,4.0,-97.47128104620114,-13.0,-77.81698947597886,9.52871895379886,8.5,11.8125,450.0625
142,1.0,0.0,0.0,3.5,-98.0,-13.0,-76.88587392869641,9.52871895379886,11.0,20.625,1108.5
143,1.0,0.0,0.0,3.0,-93.0,-12.0,-76.0,10.0,10.0,16.125,854.1875
144,1.0,0.0,0.0,3.0,-91.0,-12.0,-76.0,12.0,13.0,25.0,1355.3125
145,1.0,0.0,0.0,3.0,-86.0,-11.0,-71.22020246011415,15.0,10.5,7.1875,273.9375
146,1.0,0.0,0.0,3.5,-86.0,-13.0,-76.0,14.0,11.0,10.75,567.5
147,1.0,0.0,0.0,4.0,-98.0,-13.0,-81.47128104620114,-2.0,9.0,2.09375,58.34375
148,1.0,0.0,0.0,4.0,-97.47128104620114,-13.0,-80.0,7.255423799321212,12.0,8.5,290.75
149,1.0,0.0,0.0,4.0,-97.47128104620114,-13.0,-77.28744413327308,8.445104674453123,10.0,5.75,229.9375
150,1.0,0.0,0.0,4.0,-96.88587392869641,-13.0,-73.78744413327308,7.754048667725042,10.0,7.625,401.125
151,1.0,0.0,0.0,0.0,-92.81698947597887,-13.0,-73.19539645663693,10.75404866772504,11.5,15.5,835.1875
152,1.0,0.0,0.0,0.0,-90.47128104620114,-12.74280839205794,-73.99539645663693,12.528718953798858,11.0,9.28125,491.65625
153,1.0,0.0,0.0,0.0,-89.0,-12.0,-74.79539645663692,14.0,11.0,12.625,661.1875
154,1.0,0.0,0.0,0.0,-92.0,-13.0,-72.88587392869641,14.0,11.0,9.125,464.0625
155,1.0,0.0,0.0,0.0,-91.0,-12.0,-74.0,14.0,11.0,16.8125,650.6875
156,1.0,0.0,0.0,0.0,-90.0,-12.0,-72.88587392869641,14.0,11.0,16.6875,674.4375
157,1.0,0.0,0.0,0.0,-89.0,-12.0,-71.47128104620114,14.0,11.0,15.28125,792.9375
158,1.0,0.0,0.0,0.0,-87.88587392869641,-12.0,-71.81698947597886,14.0,10.5,12.375,421.4375
159,1.0,0.0,0.0,0.0,-89.49533053638751,-12.471281046201138,-77.24595133227496,13.114126071303584,8.0,6.375,332.6875
160,1.0,0.0,0.0,0.0,-93.55489532554687,-12.471281046201138,-72.81698947597886,12.0,9.0,10.8125,584.3125
161,1.0,0.0,0.0,0.0,-93.24595133227496,-12.0,-73.22020246011414,12.0,9.5,12.625,494.8125
162,1.0,0.0,0.0,0.0,-95.88587392869641,-12.471281046201138,-81.61569781116647,10.183010524021132,6.25,2.71875,144.65625
163,1.0,0.0,0.0,1.5,-99.0,-14.0,-84.28236447783317,0.7540486677250413,6.5,1.0,22.3125
164,1.0,0.0,0.0,3.0,-102.0,-14.0,-85.0,3.0,6.0,3.5,81.6875
165,1.0,0.0,0.0,3.0,-102.0,-13.0,-85.0,3.0,6.0,8.8125,171.875
166,1.0,0.0,0.0,3.0,-103.0,-13.0,-85.0,-4.0,6.0,1.9375,39.46875
167,1.0,0.0,0.0,3.0,-101.24595133227496,-13.47128104620114,-85.0,-3.47128104620114,6.5,0.875,17.4375
168,1.0,0.0,0.0,3.0,-102.22020246011414,-14.0,-90.0,2.0,7.0,0.9375,39.125
169,1.0,0.0,0.0,3.0,-106.47128104620114,-14.885873928696416,-88.24595133227496,0.7540486677250413,6.0,2.625,106.875
170,1.0,0.0,0.0,3.0,-105.47128104620114,-14.24595133227496,-84.55489532554688,0.7540486677250413,5.5,3.125,128.5625
171,1.0,0.0,0.0,3.5,-105.0,-13.0,-85.0,3.0,6.0,0.75,23.75
172,1.0,0.0,0.0,4.0,-102.47128104620114,-12.471281046201138,-82.81698947597886,2.5287189537988604,6.5,3.9375,187.9375
173,1.0,0.0,0.0,4.0,-103.0,-13.0,-83.18555914976395,2.0,7.25,2.375,95.71875
174,1.0,0.0,0.0,4.0,-101.0,-13.0,-78.81698947597886,2.0,8.5,6.125,309.5625
175,1.0,0.0,0.0,4.0,-94.0,-13.0,-77.0,3.9999999999999996,9.0,5.375,279.5625
176,1.0,0.0,0.0,4.0,-94.0,-12.471281046201138,-85.81698947597887,5.999999999999998,7.0,4.6875,218.0
177,1.0,0.0,0.0,4.0,-104.0,-14.0,-87.0,-2.0,7.0,3.4375,138.3125
178,1.0,0.0,0.0,4.0,-103.0,-14.0,-85.0,0.0,7.0,5.03125,241.46875
179,1.0,0.0,0.0,4.0,-103.0,-13.47128104620114,-86.55489532554688,1.7540486677250415,5.5,2.875,153.75
180,1.0,0.0,0.0,4.0,-103.0,-13.0,-89.0,3.0,4.0,4.875,233.375
181,1.0,0.0,0.0,4.0,-106.0,-14.471281046201142,-89.0,-0.5548953255468753,4.0,4.0,204.0
182,1.0,0.0,0.0,4.0,-108.37137961520602,-15.0,-88.18555914976395,-2.47128104620114,5.0,2.6875,106.875
183,1.0,0.0,0.0,4.0,-105.67834375675554,-14.471281046201142,-85.18555914976395,-1.47128104620114,7.0,2.375,102.6875
184,1.0,0.0,0.0,4.0,-101.88587392869641,-13.742808392057942,-83.47128104620114,-0.1855591497639486,8.5,3.6875,198.125
185,1.0,0.0,0.0,3.0,-99.0,-13.0,-85.0,2.0,7.0,3.125,171.875
186,1.0,0.0,0.0,2.0,-101.0,-14.0,-85.0,0.0,7.0,4.28125,151.65625
187,1.0,0.0,0.0,2.0,-101.88587392869641,-14.0,-85.0,0.0,7.0,4.875,264.875
188,1.0,0.0,0.0,2.0,-99.81698947597889,-14.0,-82.55489532554688,0.5287189537988601,9.0,3.625,161.375
189,1.0,0.0,0.0,2.0,-98.88587392869641,-14.0,-83.0,1.0000000000000004,9.0,7.5,146.0625
190,1.0,0.0,0.0,2.0,-100.0,-14.0,-81.88587392869641,2.1141260713035854,8.5,6.375,180.25
191,1.0,0.0,0.0,2.0,-99.88587392869641,-13.47128104620114,-82.0,0.7540486677250413,6.0,6.4375,233.4375
192,1.0,0.0,0.0,2.0,-99.0,-13.0,-82.0,2.0,6.0,5.625,256.8125
193,1.0,0.0,0.0,2.0,-96.0,-13.0,-79.0,5.0,9.0,8.75,471.0625
194,1.0,0.0,0.0,2.0,-92.0,-13.0,-73.88587392869641,8.0,9.5,6.8125,366.1875
195,1.0,0.0,0.0,2.0,-93.0,-12.0,-76.47128104620114,9.0,10.0,4.0,218.6875
196,1.0,0.0,0.0,1.0,-94.81698947597889,-12.471281046201138,-78.47128104620114,5.754048667725041,9.5,2.875,156.5
197,1.0,0.0,0.0,1.0,-96.0,-14.0,-83.16346941649115,5.999999999999998,7.0,3.15625,112.46875
198,1.0,0.0,0.0,1.0,-96.88587392869641,-14.0,-83.83013608315784,5.114126071303584,8.0,5.5625,241.0625
199,1.0,0.0,0.0,1.0,-96.88587392869641,-13.47128104620114,-80.0,5.999999999999998,9.0,4.625,199.8125
200,1.0,0.0,0.0,1.0,-97.24595133227496,-13.47128104620114,-78.81698947597886,4.754048667725041,6.0,4.875,240.4375
201,1.0,0.0,0.0,1.5,-99.0,-14.0,-77.0,3.0,6.0,8.75,418.0
202,1.0,0.0,0.0,2.0,-91.37137961520601,-12.471281046201138,-73.55489532554688,5.114126071303584,9.5,6.1875,300.5
203,1.0,0.0,0.0,2.0,-89.0,-12.0,-69.68555914976395,5.999999999999998,13.5,6.625,275.0
204,1.0,0.0,0.0,2.0,-86.0,-13.0,-74.24595133227496,5.0,10.0,7.5625,406.75
205,1.0,0.0,0.0,2.0,-90.0,-13.0,-77.55489532554688,5.999999999999998,7.5,4.0,202.625
206,1.0,0.0,0.0,1.5,-97.0,-14.0,-76.81698947597886,5.114126071303584,7.5,6.75,371.75
207,1.0,0.0,0.0,1.0,-95.0,-13.0,-78.0,3.9999999999999996,10.0,5.875,223.625
208,1.0,0.0,0.0,1.0,-98.0,-13.0,-81.0,3.0,6.0,4.78125,139.71875
209,1.0,0.0,0.0,1.0,-98.47128104620114,-13.47128104620114,-81.16346941649114,2.5287189537988604,6.0,3.0625,110.375
210,1.0,0.0,0.0,1.0,-98.47128104620114,-14.471281046201142,-81.83013608315783,-0.3713796152060156,6.0,3.0625,109.6875
211,1.0,0.0,0.0,1.0,-98.0,-15.0,-82.4968027498245,-4.2459513322749585,6.0,2.9375,105.5
212,1.0,0.0,0.0,1.0,-98.88587392869641,-15.0,-83.0,-3.0000000000000004,6.0,3.5,156.5625
213,1.0,0.0,0.0,1.0,-100.0,-15.0,-83.0,-3.0000000000000004,6.0,0.96875,48.9375
214,1.0,0.0,0.0,1.0,-100.0,-16.0,-83.88587392869641,-1.0,6.5,3.5625,114.5625
215,1.0,0.0,0.0,1.0,-103.0,-15.0,-82.88587392869641,2.0,6.5,2.875,119.4375
216,1.0,0.0,0.0,1.5,-98.0,-15.0,-81.0,3.9999999999999996,7.0,1.5,34.875
217,1.0,0.0,0.0,2.0,-99.55489532554688,-15.0,-82.55489532554688,2.7540486677250415,7.0,1.625,82.375
218,1.0,0.0,0.0,2.0,-100.88587392869641,-14.471281046201142,-83.88587392869641,1.0000000000000004,7.0,2.8125,127.1875
219,1.0,0.0,0.0,2.0,-98.88587392869641,-14.0,-81.0,0.5287189537988601,5.0,2.4375,104.8125
220,1.0,0.0,0.0,2.0,-96.88587392869641,-14.0,-79.88587392869641,1.7540486677250415,5.5,3.5625,179.5625
221,1.0,0.0,0.0,2.0,-96.0,-14.0,-81.0,3.0,6.0,2.5,135.5
222,1.0,0.0,0.0,2.0,-96.0,-13.0,-79.0,3.0,7.0,3.625,172.5625
223,1.0,0.0,0.0,2.0,-97.0,-14.0,-79.88587392869641,2.0,6.5,4.8125,144.625
224,1.0,0.0,0.0,2.0,-97.0,-14.0,-81.0,1.0000000000000004,6.0,4.1875,172.5625
225,1.0,0.0,0.0,2.0,-97.0,-14.0,-81.0,3.0,6.0,1.8125,48.1875
226,1.0,0.0,0.0,1.0,-100.0,-14.0,-79.81698947597887,2.0,6.0,3.25,134.125
227,1.0,0.0,0.0,0.0,-98.47128104620114,-14.74280839205794,-80.18555914976395,1.2571916079420598,6.75,3.4375,142.5625
228,1.0,0.0,0.0,0.0,-98.47128104620114,-14.471281046201142,-81.0,1.0000000000000004,7.0,1.5,81.0625
229,1.0,0.0,0.0,0.0,-99.88587392869641,-14.0,-82.24595133227496,2.1141260713035854,6.0,2.5,98.5
230,1.0,0.0,0.0,0.0,-99.24595133227497,-14.0,-79.24595133227496,3.52871895379886,6.5,2.5625,116.6875
231,1.0,0.0,0.0,0.0,-97.74280839205794,-14.0,-78.47128104620114,3.757191607942059,6.75,2.34375,106.5
232,1.0,0.0,0.0,0.0,-97.0,-14.0,-80.0,3.0,6.0,2.6875,108.3125
233,1.0,0.0,0.0,0.0,-99.0,-13.0,-82.0,3.9999999999999996,7.0,1.9375,78.25
234,1.0,0.0,0.0,0.0,-101.0,-14.0,-84.0,3.0,6.0,2.4375,108.3125
235,1.0,0.0,0.0,0.0,-100.0,-13.0,-85.55489532554688,1.0000000000000004,6.0,1.9375,81.75
236,1.0,0.0,0.0,0.0,-101.0,-13.0,-86.0,2.0,6.0,2.875,120.125
237,1.0,0.0,0.0,0.0,-99.47128104620114,-13.742808392057942,-82.88587392869641,2.0,6.0,2.28125,70.1875
238,1.0,0.0,0.0,1.0,-99.88587392869641,-13.47128104620114,-85.0,3.114126071303585,7.0,2.625,99.1875
239,1.0,0.0,0.0,2.0,-101.88587392869641,-13.47128104620114,-85.88587392869641,3.114126071303585,7.0,1.25,48.1875
240,1.0,0.0,0.0,2.0,-103.0,-14.0,-87.0,1.528718953798861,7.0,2.5,71.9375
241,1.0,0.0,0.0,2.0,-102.47128104620114,-14.0,-85.0,1.0000000000000004,5.0,2.125,103.4375
242,1.0,0.0,0.0,2.0,-102.0,-14.24280839205794,-85.0,0.5287189537988601,5.0,1.59375,74.4375
243,1.0,0.0,0.0,2.0,-102.0,-15.0,-85.0,-1.0,5.0,2.0625,81.75
244,1.0,0.0,0.0,1.0,-101.0,-15.0,-83.24595133227496,0.0,5.0,2.5625,104.0625
245,1.0,0.0,0.0,1.0,-98.0,-13.0,-82.0,1.0000000000000004,5.0,2.6875,143.9375
246,1.0,0.0,0.0,1.0,-99.0,-13.0,-82.0,2.0,5.0,2.5625,86.625
247,1.0,0.0,0.0,1.0,-97.0,-13.0,-73.0,2.0,8.0,5.9375,309.625
248,1.0,0.0,0.0,1.0,-87.03707201955285,-13.0,-72.62320135371509,6.754048667725041,8.75,3.84375,186.5625
249,1.0,0.0,0.0,2.0,-86.55489532554688,-13.0,-72.1232013537151,9.114126071303586,11.5,3.6875,183.0625
250,1.0,0.0,0.0,2.0,-91.37137961520601,-13.47128104620114,-74.37137961520602,8.75404866772504,10.5,3.3125,117.375
251,1.0,0.0,0.0,2.0,-99.22020246011414,-14.0,-82.22020246011414,4.962927980447142,6.5,2.1875,74.75
252,1.0,0.0,0.0,3.0,-99.22020246011414,-13.47128104620114,-80.0,10.0,11.0,3.0,141.125
253,1.0,0.0,0.0,3.0,-97.0,-13.0,-76.88587392869641,10.0,9.5,5.53125,297.75
254,1.0,0.0,0.0,3.0,-94.0,-13.0,-75.24280839205794,7.0,10.0,2.0625,76.8125
255,1.0,0.0,0.0,3.0,-95.0,-13.0,-74.24280839205794,4.183010524021133,12.5,5.125,234.75
256,1.0,0.0,0.0,3.0,-89.0,-12.0,-73.24280839205794,5.999999999999998,7.5,3.25,167.6875
257,1.0,0.0,0.0,3.0,-90.0,-13.0,-75.0,8.0,9.0,2.625,143.625
258,1.0,0.0,0.0,3.0,-92.74457620067878,-14.24595133227496,-77.59637310505755,5.779797539885854,7.5,0.3125,6.9375
259,1.0,0.0,0.0,3.0,-101.47128104620114,-15.471281046201142,-84.89884880917305,0.11412607130358521,6.0,1.4375,53.0625
260,1.0,0.0,0.0,3.0,-102.24595133227496,-15.471281046201142,-84.49884880917307,-1.8858739286964152,5.0,2.0,69.8125
261,1.0,0.0,0.0,3.0,-104.0,-15.471281046201142,-84.09884880917305,-3.0000000000000004,6.5,2.0625,92.875
262,1.0,0.0,0.0,3.0,-101.19150515661917,-14.471281046201142,-78.0,-1.5725407530773161,9.0,7.75,416.25
263,1.0,0.0,0.0,3.0,-95.0,-13.0,-80.37137961520601,2.0,8.5,4.0,215.9375
264,1.0,0.0,0.0,2.0,-101.0,-13.0,-85.0,3.0,8.0,1.5,60.0625
265,1.0,0.0,0.0,2.0,-100.0,-13.0,-83.0,0.0,8.0,3.4375,132.75
266,1.0,0.0,0.0,2.0,-105.0,-16.0,-86.24595133227496,0.0,6.5,1.125,34.25
267,1.0,0.0,0.0,2.0,-102.0,-14.0,-85.0,-5.0,7.0,1.625,77.5
268,1.0,0.0,0.0,2.0,-102.0,-14.74280839205794,-85.0,-2.6855591497639484,7.0,1.53125,79.3125
269,1.0,0.0,0.0,2.5,-98.81698947597886,-14.471281046201142,-81.81698947597886,-0.24595133227495847,7.0,1.6875,76.125
270,1.0,0.0,0.0,3.0,-95.24595133227496,-14.0,-78.81698947597886,5.779797539885854,7.5,1.375,45.375
271,1.0,0.0,0.0,3.0,-95.55489532554688,-14.0,-80.24595133227496,6.1830105240211335,7.0,2.8125,144.625
272,1.0,0.0,0.0,3.0,-96.88587392869641,-14.0,-79.0,2.1141260713035854,7.0,1.8125,68.4375
273,1.0,0.0,0.0,2.0,-96.0,-14.0,-83.0,1.0000000000000004,7.0,1.75,67.75
274,1.0,0.0,0.0,2.0,-103.0,-15.0,-82.03707201955285,-1.0,5.5,6.3125,137.625
275,1.0,0.0,0.0,2.0,-98.0,-15.0,-78.24595133227496,1.0000000000000004,6.0,3.0625,149.5
276,1.0,0.0,0.0,2.0,-95.0,-14.0,-78.03707201955285,3.0,8.0,3.0625,118.75
277,1.0,0.0,0.0,2.0,-94.0,-14.0,-81.0,1.0000000000000004,7.0,0.0,0.0
278,1.0,0.0,0.0,2.0,-99.0,-16.0,-82.10883002693777,0.0,6.5,1.625,52.0625
279,1.0,0.0,0.0,2.0,-96.55489532554688,-14.885873928696416,-83.60883002693777,0.0,7.5,2.125,55.875
280,1.0,0.0,0.0,2.0,-96.81698947597887,-13.47128104620114,-82.0,0.5287189537988601,9.0,2.375,122.9375
281,1.0,0.0,0.0,2.0,-99.47128104620114,-13.47128104620114,-82.88587392869641,0.5287189537988601,6.0,3.375,142.5625
282,1.0,0.0,0.0,2.0,-97.88587392869641,-14.0,-79.19150515661919,0.8144408502360517,6.75,4.3125,175.78125
283,1.0,0.0,0.0,2.0,-95.0,-14.0,-73.0,3.0,9.0,6.0,301.875
284,1.0,0.0,0.0,2.0,-91.0,-12.0,-81.88587392869641,3.9999999999999996,6.5,0.0625,4.1875
285,1.0,0.0,0.0,2.0,-99.0,-16.0,-83.0,-9.0,6.0,8.78125,441.0
286,1.0,0.0,0.0,2.0,-99.88587392869641,-15.471281046201142,-83.0,-6.554895325546875,6.0,11.625,627.6875
287,1.0,0.0,0.0,2.0,-99.88587392869641,-16.24595133227496,-81.0,-4.47128104620114,5.0,15.625,664.0
288,1.0,0.0,0.0,1.0,-97.88587392869641,-16.24595133227496,-77.88587392869641,-5.8169894759788665,5.0,6.0,313.125
289,1.0,0.0,0.0,1.0,-97.0,-15.471281046201142,-80.0,-4.47128104620114,6.0,2.25,51.6875
290,1.0,0.0,0.0,1.0,-97.47128104620114,-16.0,-80.47128104620114,-4.74280839205794,5.75,2.96875,112.8125
291,1.0,0.0,0.0,1.0,-99.0,-16.0,-82.0,-4.0,5.0,2.1875,58.0
292,1.0,0.0,0.0,1.0,-96.0,-15.0,-79.88587392869641,-4.0,5.0,1.5625,48.875
293,1.0,0.0,0.0,1.5,-96.0,-15.0,-79.88587392869641,-0.24595133227495847,5.0,0.875,22.25
294,1.0,0.0,0.0,2.0,-98.0,-16.0,-77.88587392869641,-4.0,3.5,1.75,41.875
295,1.0,0.0,0.0,2.0,-94.0,-14.0,-77.68555914976395,-6.0,3.5,12.5,669.21875
296,1.0,0.0,0.0,2.0,-94.88587392869641,-14.885873928696416,-80.0,-3.554895325546875,8.0,13.125,701.75
297,1.0,0.0,0.0,2.0,-94.88587392869641,-14.885873928696416,-78.24595133227496,-0.8858739286964151,8.0,14.25,626.25
298,1.0,0.0,0.0,2.0,-93.47128104620114,-14.0,-77.74280839205794,-1.5548953255468758,7.0,4.5625,230.5625
299,1.0,0.0,0.0,1.0,-94.24595133227497,-14.471281046201142,-78.74280839205794,-6.037072019552858,4.0,3.75,112.4375
300,1.0,0.0,0.0,1.0,-96.0,-15.0,-76.68555914976395,-10.0,5.0,8.0625,383.0
301,1.0,0.0,0.0,1.0,-98.0,-18.0,-80.89884880917305,-4.0,4.0,11.3125,606.6875
302,1.0,0.0,0.0,1.0,-97.0,-16.0,-80.49884880917304,-4.0,5.0,11.4375,618.5
303,1.0,0.0,0.0,1.0,-97.0,-15.0,-80.09884880917305,-2.885873928696416,5.0,20.375,970.1875
304,1.0,0.0,0.0,1.0,-97.0,-16.0,-79.47128104620114,-2.0,5.5,19.0625,1027.84375
305,1.0,0.0,0.0,1.0,-95.88587392869641,-14.885873928696416,-79.55489532554688,-2.885873928696416,6.0,10.6875,661.1875
306,1.0,0.0,0.0,2.0,-95.47128104620114,-14.471281046201142,-80.24595133227496,-4.0,5.5,24.125,1129.5
307,1.0,0.0,0.0,2.0,-97.24595133227496,-15.885873928696414,-82.0,-5.2459513322749585,2.0,13.125,708.75
308,1.0,0.0,0.0,2.0,-99.0,-17.0,-78.88587392869641,-7.0,3.5,7.5625,381.96875
309,1.0,0.0,0.0,2.0,-87.0,-14.0,-70.68555914976395,-13.0,6.5,3.5,178.1875
310,1.0,0.0,0.0,1.0,-96.0,-15.0,-73.68555914976395,0.0,8.0,0.0,2.75
311,1.0,0.0,0.0,0.0,-93.0,-14.0,-77.24595133227496,-3.0000000000000004,6.0,17.875,675.875
312,1.0,0.0,0.0,0.0,-93.74280839205794,-14.0,-77.47128104620114,-4.47128104620114,5.0,11.3125,529.03125
313,1.0,0.0,0.0,0.0,-93.47128104620114,-14.0,-76.88587392869641,-3.885873928696415,5.0,2.9375,134.8125
314,1.0,0.0,0.0,0.0,-87.37137961520602,-13.47128104620114,-70.22020246011414,0.9629279804471425,8.5,2.3125,65.6875
315,1.0,0.0,0.0,0.0,-85.88587392869641,-13.0,-70.0,11.321656243244465,8.0,3.0625,123.625
316,1.0,0.0,0.0,2.0,-89.22020246011414,-14.24595133227496,-72.22020246011414,11.504669463612489,7.0,3.375,134.125
317,1.0,0.0,0.0,2.0,-94.0,-16.0,-78.47128104620114,5.0,6.0,2.5625,63.9375
318,1.0,0.0,0.0,2.0,-96.0,-16.0,-79.88587392869641,-1.0,5.0,0.5625,13.25
319,1.0,0.0,0.0,2.0,-95.0,-15.0,-78.83013608315783,-3.0000000000000004,6.0,4.1875,93.5625
320,1.0,0.0,0.0,2.0,-95.74280839205795,-14.24280839205794,-78.16346941649115,-2.2428083920579405,6.25,1.0,22.3125
321,1.0,0.0,0.0,1.0,-95.47128104620114,-15.24595133227496,-77.4968027498245,-2.47128104620114,6.0,1.4375,55.875
322,1.0,0.0,0.0,0.0,-95.0,-17.47128104620114,-76.28236447783316,-4.2459513322749585,5.0,4.8125,76.9375
323,1.0,0.0,0.0,0.0,-91.81698947597887,-15.554895325546877,-73.61569781116648,-4.2459513322749585,6.5,1.875,66.1875
324,1.0,0.0,0.0,0.0,-91.55489532554688,-14.0,-75.24595133227496,0.9629279804471425,6.5,1.0,49.5625
325,1.0,0.0,0.0,0.0,-94.0,-14.0,-74.0,3.0,6.0,1.71875,61.75
326,1.0,0.0,0.0,2.0,-92.0,-15.0,-74.0,1.0000000000000004,6.0,3.0625,112.5
327,1.0,0.0,0.0,2.0,-88.0,-13.0,-67.03707201955285,5.0,6.0,1.9375,65.625
328,1.0,0.0,0.0,2.0,-83.0,-13.0,-75.55489532554688,5.0,5.5,1.28125,51.65625
329,1.0,0.0,0.0,2.0,-84.55489532554688,-13.0,-72.59637310505755,5.0,5.5,1.4375,51.0
330,1.0,0.0,0.0,2.0,-89.22020246011414,-13.47128104620114,-79.24595133227496,6.114126071303585,5.5,0.0625,2.0625
331,1.0,0.0,0.0,2.0,-86.59637310505757,-14.0,-69.59637310505757,6.114126071303585,6.0,2.0625,95.0
332,1.0,0.0,0.0,2.0,-86.22020246011415,-14.0,-75.24595133227496,3.754048667725041,4.5,1.375,55.1875
333,1.0,0.0,0.0,2.0,-92.0725407530773,-14.0,-79.47128104620114,1.1141260713035854,6.25,0.8125,18.09375
334,1.0,0.0,0.0,2.0,-96.0,-14.0,-78.0,-2.0,7.0,2.0,44.6875
335,1.0,0.0,0.0,2.0,-94.0,-14.0,-77.88587392869641,0.0,5.5,1.875,57.3125
336,1.0,0.0,0.0,2.0,-96.0,-14.0,-79.0,-1.0,6.0,1.75,64.9375
337,1.0,0.0,0.0,2.0,-96.0,-15.0,-79.0,1.0000000000000004,7.0,2.3125,96.375
338,1.0,0.0,0.0,2.0,-96.0,-15.0,-78.60883002693778,1.0000000000000004,6.0,1.625,54.5
339,1.0,0.0,0.0,3.0,-96.0,-15.0,-77.10883002693778,0.5287189537988601,5.0,2.3125,90.8125
340,1.0,0.0,0.0,3.0,-94.24595133227497,-15.0,-77.24595133227496,0.5287189537988601,5.5,1.875,51.6875
341,1.0,0.0,0.0,3.0,-94.81698947597889,-15.0,-82.0,0.11412607130358521,5.0,1.9375,88.0
342,1.0,0.0,0.0,3.0,-96.88587392869641,-15.0,-80.24595133227496,-1.0,5.5,1.5625,51.6875
343,1.0,0.0,0.0,3.0,-96.0,-15.0,-82.0,-1.0,5.0,1.625,82.375
344,1.0,0.0,0.0,3.0,-98.18555914976395,-15.0,-83.47128104620114,-1.0,4.25,2.1875,118.09375
345,1.0,0.0,0.0,3.0,-100.0,-16.0,-79.0,-2.0,4.0,3.625,136.9375
346,1.0,0.0,0.0,3.0,-100.0,-16.0,-81.24595133227496,-1.0,5.0,3.625,194.25
347,1.0,0.0,0.0,3.0,-97.68555914976395,-15.24280839205794,-80.0,-1.0,4.0,2.03125,58.3125
348,1.0,0.0,0.0,3.0,-97.47128104620114,-15.471281046201142,-80.0,-1.8858739286964152,4.0,1.6875,57.25
349,1.0,0.0,0.0,3.0,-98.47128104620114,-16.0,-81.55489532554688,-3.0000000000000004,5.5,2.5625,106.875
350,1.0,0.0,0.0,3.0,-98.74280839205794,-15.742808392057942,-82.0,-2.47128104620114,5.0,1.84375,73.375
351,1.0,0.0,0.0,3.0,-98.0,-15.0,-82.0,-1.0,5.0,2.1875,77.5
352,1.0,0.0,0.0,2.5,-99.0,-16.0,-81.24595133227496,-1.0,4.5,3.25,173.25
353,1.0,0.0,0.0,2.0,-100.0,-16.0,-83.0,-1.0,5.0,2.9375,159.3125
354,1.0,0.0,0.0,2.0,-101.0,-17.0,-83.0,-2.0,5.0,2.65625,77.84375
355,1.0,0.0,0.0,2.0,-99.24595133227497,-15.885873928696414,-83.88587392869641,-2.0,4.5,1.4375,62.875
356,1.0,0.0,0.0,2.0,-99.24595133227497,-15.885873928696414,-85.0,-2.885873928696416,4.0,4.6875,227.125
357,1.0,0.0,0.0,2.0,-101.0,-17.0,-85.0,-4.0,4.0,4.625,250.125
358,1.0,0.0,0.0,2.0,-100.47128104620114,-17.885873928696416,-83.0,-4.47128104620114,4.0,3.125,140.4375
359,1.0,0.0,0.0,2.0,-99.74280839205792,-18.742808392057942,-82.47128104620114,-4.47128104620114,4.0,3.5,164.5625
360,1.0,0.0,0.0,2.0,-99.0,-18.0,-84.0,-3.0000000000000004,4.0,2.25,82.4375
361,1.0,0.0,0.0,2.5,-102.0,-18.0,-80.88587392869641,-3.885873928696415,6.0,1.625,83.875
362,1.0,0.0,0.0,3.0,-100.0,-17.0,-81.24595133227496,-3.0000000000000004,4.5,2.875,152.375
363,1.0,0.0,0.0,3.0,-98.0,-16.0,-78.88587392869641,-1.0,5.5,2.375,95.0625
364,1.0,0.0,0.0,3.0,-98.74280839205794,-17.47128104620114,-80.88587392869641,-3.1855591497639484,4.5,2.1875,103.71875
365,1.0,0.0,0.0,3.0,-99.0,-18.471281046201142,-80.88587392869641,-4.885873928696415,4.0,1.375,37.6875
366,1.0,0.0,0.0,3.0,-97.88587392869641,-16.554895325546873,-79.0,-5.885873928696414,2.0,4.0625,174.6875
367,1.0,0.0,0.0,3.0,-96.47128104620114,-15.0,-77.24595133227496,-3.885873928696415,6.5,5.125,276.75
368,1.0,0.0,0.0,3.0,-95.47128104620114,-15.0,-78.55489532554688,-1.245951332274959,6.0,3.8125,194.9375
369,1.0,0.0,0.0,3.0,-95.0,-15.0,-83.88587392869641,0.0,6.0,3.78125,136.9375
370,1.0,0.0,0.0,3.0,-102.0,-15.0,-83.0,-4.0,6.0,5.625,292.125
371,1.0,0.0,0.0,4.0,-101.47128104620114,-15.0,-83.0,-3.47128104620114,6.0,5.3125,232.6875
372,1.0,0.0,0.0,4.0,-99.0,-15.0,-81.0,-1.0,6.0,5.6875,248.5
373,1.0,0.0,0.0,4.0,-99.0,-14.0,-83.0,-1.0,5.0,3.3125,92.5
374,1.0,0.0,0.0,4.0,-99.88587392869641,-14.471281046201142,-83.0,-1.47128104620114,5.0,3.75,142.4375
375,1.0,0.0,0.0,4.0,-101.0,-15.885873928696414,-81.24595133227496,-2.885873928696416,6.0,7.0625,290.75
376,1.0,0.0,0.0,4.0,-99.88587392869641,-15.885873928696414,-80.88587392869641,-2.885873928696416,6.5,5.375,292.125
377,1.0,0.0,0.0,3.5,-99.0,-15.0,-82.0,-2.0,6.0,5.625,190.125
378,1.0,0.0,0.0,3.0,-96.55489532554688,-14.0,-78.0,-3.0000000000000004,8.0,3.5625,192.1875
379,1.0,0.0,0.0,3.0,-95.0,-14.0,-75.68555914976395,-3.0000000000000004,6.5,5.65625,247.71875
380,1.0,0.0,0.0,3.0,-92.0,-14.0,-79.0,-2.0,5.0,3.625,193.5625
381,1.0,0.0,0.0,3.0,-96.0,-15.0,-76.24280839205794,-3.0000000000000004,6.5,5.0625,263.4375
382,1.0,0.0,0.0,3.0,-94.88587392869641,-14.471281046201142,-77.24280839205794,-3.0000000000000004,6.0,4.8125,246.6875
383,1.0,0.0,0.0,3.0,-93.0,-15.0,-76.88587392869641,-2.0,6.0,2.6875,102.6875
384,1.0,0.0,0.0,3.0,-93.0,-14.0,-75.47128104620114,-4.0,6.75,4.3125,217.65625
385,1.0,0.0,0.0,3.0,-91.88587392869641,-14.0,-74.88587392869641,-4.0,8.0,3.9375,209.6875
386,1.0,0.0,0.0,3.0,-91.0,-14.0,-79.0,-4.0,4.0,3.0625,153.0625
387,1.0,0.0,0.0,3.0,-96.47128104620114,-16.471281046201142,-79.0,-5.2459513322749585,4.0,2.9375,105.5
388,1.0,0.0,0.0,3.0,-97.47128104620114,-17.0,-81.88587392869641,-7.0,5.0,4.0,160.75
389,1.0,0.0,0.0,3.0,-97.18555914976395,-16.471281046201142,-81.85883002693777,-8.072540753077316,2.75,3.65625,180.3125
390,1.0,0.0,0.0,3.0,-95.0,-15.0,-80.35883002693777,-12.0,3.0,5.0625,248.0625
391,1.0,0.0,0.0,3.0,-97.0,-17.0,-80.0,-5.0,4.0,3.5,88.0
392,1.0,0.0,0.0,3.0,-99.0,-17.0,-82.0,-6.0,6.0,4.75,103.4375
393,1.0,0.0,0.0,3.0,-102.0,-19.0,-79.24595133227496,-7.0,5.0,10.5625,325.75
394,1.0,0.0,0.0,3.0,-98.0,-14.0,-83.88587392869641,-7.0,4.5,10.53125,528.40625
395,1.0,0.0,0.0,3.0,-98.0,-14.885873928696416,-81.0,-7.0,6.0,12.5625,592.0
396,1.0,0.0,0.0,3.0,-98.0,-16.0,-74.81698947597886,-4.554895325546876,7.5,18.625,889.0625
397,1.0,0.0,0.0,3.0,-94.47128104620114,-14.24595133227496,-76.24280839205794,-2.816989475978866,8.5,9.5625,376.6875
398,1.0,0.0,0.0,3.0,-94.47128104620114,-13.47128104620114,-77.88587392869641,1.4451046744531242,7.5,5.5,282.375
399,1.0,0.0,0.0,3.0,-95.47128104620114,-14.24280839205794,-79.68555914976395,2.314440850236052,6.5,7.40625,396.65625
400,1.0,0.0,0.0,3.0,-97.0,-15.0,-82.0,0.0,5.0,4.9375,227.125
401,1.0,0.0,0.0,3.0,-99.0,-19.0,-81.56337620389442,-5.0,5.0,11.0,499.0625
402,1.0,0.0,0.0,3.0,-94.0,-15.0,-79.89670953722776,-3.0000000000000004,5.0,5.4375,227.8125
403,1.0,0.0,0.0,3.0,-93.0,-13.0,-78.23004287056109,-1.0,6.0,4.5625,246.0
404,1.0,0.0,0.0,3.0,-92.0,-16.0,-77.0,-5.0,5.0,9.375,385.09375
405,1.0,0.0,0.0,3.0,-92.88587392869641,-16.885873928696416,-77.0,-5.0,5.0,5.125,256.5
406,1.0,0.0,0.0,3.0,-93.47128104620114,-15.554895325546877,-74.88587392869641,-4.47128104620114,7.0,7.25,306.125
407,1.0,0.0,0.0,3.0,-92.47128104620114,-14.471281046201142,-75.0,-3.0000000000000004,7.0,15.1875,658.375
408,1.0,0.0,0.0,3.0,-92.0,-15.0,-75.0,-3.0000000000000004,7.0,12.53125,507.03125
409,1.0,0.0,0.0,3.0,-93.0,-15.0,-77.0,-2.0,6.0,7.25,385.0625
410,1.0,0.0,0.0,3.0,-95.0,-15.0,-77.88587392869641,-5.0,6.0,5.0,257.1875
411,1.0,0.0,0.0,3.0,-95.74280839205795,-15.742808392057942,-78.47128104620114,-3.47128104620114,7.75,10.21875,545.1875
412,1.0,0.0,0.0,3.0,-97.24595133227496,-16.885873928696416,-80.24595133227496,-3.885873928696415,6.0,7.625,413.0625
413,1.0,0.0,0.0,3.0,-95.03707201955287,-16.24595133227496,-81.76854956665446,-6.816989475978865,6.5,17.3125,722.6875
414,1.0,0.0,0.0,3.0,-94.55489532554688,-15.471281046201142,-81.46085725896215,-6.816989475978865,7.0,6.625,249.4375
415,1.0,0.0,0.0,3.0,-97.0,-16.68555914976395,-81.15316495126984,-5.24280839205794,6.0,6.90625,372.15625
416,1.0,0.0,0.0,3.0,-97.0,-19.0,-80.84547264357754,-6.0,6.5,10.5625,489.25
417,1.0,0.0,0.0,3.5,-94.0,-15.0,-80.53778033588523,-6.0,6.0,11.5,519.25
418,1.0,0.0,0.0,4.0,-95.0,-15.0,-80.23008802819292,-6.0,3.0,7.0625,292.125
419,1.0,0.0,0.0,4.0,-97.0,-18.0,-78.88587392869641,-8.0,4.5,11.0625,529.8125
420,1.0,0.0,0.0,4.0,-96.0,-14.0,-78.68555914976395,-6.0,5.75,5.0,252.28125
421,1.0,0.0,0.0,3.5,-95.47128104620114,-14.885873928696416,-79.24595133227496,-6.0,5.5,4.125,188.0
422,1.0,0.0,0.0,3.0,-93.24595133227496,-15.471281046201142,-76.55489532554688,-4.2459513322749585,7.5,6.5625,350.125
423,1.0,0.0,0.0,3.0,-93.55489532554687,-15.885873928696414,-79.88587392869641,-3.885873928696415,4.5,4.0,151.625
424,1.0,0.0,0.0,3.0,-94.24595133227497,-16.471281046201142,-79.4968027498245,-5.0,6.5,4.0,213.8125
425,1.0,0.0,0.0,3.0,-93.24280839205795,-15.742808392057942,-80.16346941649115,-4.74280839205794,5.0,3.125,170.46875
426,1.0,0.0,0.0,3.0,-94.0,-15.0,-80.83013608315781,-4.0,5.5,5.3125,287.9375
427,1.0,0.0,0.0,3.0,-98.0,-15.0,-78.88587392869641,-4.0,5.5,4.4375,155.8125
428,1.0,0.0,0.0,3.0,-97.0,-17.0,-75.55489532554688,-4.0,7.0,6.25,281.625
429,1.0,0.0,0.0,3.0,-93.81698947597886,-15.885873928696414,-75.81698947597887,-2.885873928696416,7.0,7.4375,266.25
430,1.0,0.0,0.0,3.0,-94.0,-14.0,-77.0,-3.0000000000000004,8.0,9.8125,530.46875
431,1.0,0.0,0.0,3.0,-94.47128104620114,-14.885873928696416,-75.88587392869641,-2.47128104620114,8.5,9.625,517.1875
432,1.0,0.0,0.0,3.0,-94.47128104620114,-16.0,-75.88587392869641,-2.885873928696416,7.0,10.3125,428.4375
433,1.0,0.0,0.0,3.0,-94.47128104620114,-16.0,-81.0,-3.885873928696415,5.0,7.375,385.0625
434,1.0,0.0,0.0,3.0,-95.47128104620114,-16.471281046201142,-76.55489532554688,-5.0,5.0,8.625,462.0
435,1.0,0.0,0.0,3.0,-95.18555914976395,-16.74280839205794,-79.24280839205794,-5.47128104620114,4.25,8.0625,427.78125
436,1.0,0.0,0.0,3.0,-93.0,-16.0,-76.03707201955287,-7.0,4.5,5.0,234.125
437,1.0,0.0,0.0,3.0,-91.0,-14.0,-81.0,-6.0,4.0,3.4375,101.3125
438,1.0,0.0,0.0,3.0,-97.0,-19.0,-77.88587392869641,-8.0,4.5,2.6875,106.1875
439,1.0,0.0,0.0,3.0,-96.0,-17.0,-72.37137961520601,-7.0,7.5,2.4375,81.75
440,1.0,0.0,0.0,3.0,-95.0,-17.0,-74.0,-4.0,5.0,2.5,79.625
441,1.0,0.0,0.0,3.0,-92.68555914976395,-15.471281046201142,-78.24595133227496,-3.2428083920579405,5.0,1.375,49.9375
442,1.0,0.0,0.0,3.0,-92.47128104620114,-15.885873928696414,-74.88587392869641,-3.47128104620114,4.5,1.9375,70.5625
443,1.0,0.0,0.0,3.0,-92.47128104620114,-15.885873928696414,-76.81698947597886,-7.47128104620114,1.5,3.1875,106.1875
444,1.0,0.0,0.0,3.0,-90.24595133227496,-15.0,-73.0,-6.2459513322749585,7.0,4.25,228.5
445,1.0,0.0,0.0,3.0,-89.0,-15.0,-73.0,-5.0,7.0,1.5625,82.375
446,1.0,0.0,0.0,3.0,-96.0,-20.0,-72.55489532554688,-8.0,5.0,6.75,337.375
447,1.0,0.0,0.0,3.0,-89.0,-16.0,-72.88587392869641,-7.0,4.5,6.875,234.125
448,1.0,0.0,0.0,3.0,-90.0,-17.0,-69.81698947597886,-9.0,7.5,5.5,291.4375
449,1.0,0.0,0.0,3.0,-90.0,-17.0,-72.90656439810235,-3.0000000000000004,4.5,3.78125,105.875
450,1.0,0.0,0.0,3.0,-86.81698947597887,-16.471281046201142,-68.0,-3.0000000000000004,6.0,2.875,101.3125
451,1.0,0.0,0.0,3.0,-84.47128104620114,-14.885873928696416,-70.55489532554688,-3.47128104620114,4.5,5.625,290.0
452,1.0,0.0,0.0,3.0,-85.55489532554688,-14.68555914976395,-75.47128104620114,-3.74280839205794,4.0,2.75,145.0
453,1.0,0.0,0.0,3.0,-92.0,-17.0,-73.81698947597886,-3.0000000000000004,4.0,3.9375,187.3125
454,1.0,0.0,0.0,3.5,-91.0,-18.0,-72.88587392869641,2.321656243244466,6.0,0.0,0.0
455,1.0,0.0,0.0,4.0,-88.0,-18.0,-72.68555914976395,-4.0,6.75,1.90625,42.5625
456,1.0,0.0,0.0,4.0,-90.37137961520601,-18.471281046201142,-76.55489532554688,-5.2459513322749585,3.0,6.375,136.1875
457,1.0,0.0,0.0,4.0,-89.49533053638751,-17.885873928696416,-71.24595133227496,-6.47128104620114,4.0,1.5,46.75
458,1.0,0.0,0.0,4.0,-86.47128104620114,-15.885873928696414,-70.24595133227496,-4.2459513322749585,5.5,3.125,111.0625
459,1.0,0.0,0.0,3.0,-86.0,-15.0,-69.0,-3.0000000000000004,5.0,4.75,150.1875
460,1.0,0.0,0.0,3.0,-89.0,-17.0,-73.81698947597886,-3.0000000000000004,4.0,1.8125,95.6875
461,1.0,0.0,0.0,3.0,-94.0,-19.0,-71.24595133227496,-6.0,4.0,2.8125,102.6875
462,1.0,0.0,0.0,3.0,-91.0,-19.0,-74.55489532554688,-6.0,2.5,1.8125,75.46875
463,1.0,0.0,0.0,3.5,-91.0,-19.0,-81.0,-6.0,1.0,0.125,4.125
464,1.0,0.0,0.0,4.0,-91.47128104620114,-14.471281046201142,-72.55489532554688,-1.4953305363875096,6.5,3.9375,171.25
465,1.0,0.0,0.0,4.0,-91.47128104620114,-15.24280839205794,-75.0,0.31444085023605184,5.0,6.0625,330.53125
466,1.0,0.0,0.0,4.0,-93.0,-16.0,-75.0,-2.0,5.0,6.1875,336.875
467,1.0,0.0,0.0,3.5,-92.0,-16.0,-75.55489532554688,-3.0000000000000004,6.0,3.9375,213.1875
468,1.0,0.0,0.0,3.0,-91.0,-15.0,-72.24595133227496,-6.0,7.0,20.625,1000.9375
469,1.0,0.0,0.0,3.0,-85.0,-13.0,-68.0,0.0,9.0,14.4375,768.125
470,1.0,0.0,0.0,3.0,-89.24595133227497,-13.742808392057942,-72.24595133227496,-0.7428083920579398,8.25,15.03125,681.4375
471,1.0,0.0,0.0,3.0,-88.55489532554687,-14.0,-71.55489532554688,-1.0,8.5,17.6875,815.0
472,1.0,0.0,0.0,4.0,-86.47128104620114,-13.47128104620114,-68.24595133227496,0.11412607130358521,8.5,20.125,989.0
473,1.0,0.0,0.0,4.0,-87.24595133227496,-13.885873928696416,-73.24595133227496,-0.5548953255468753,7.0,9.625,428.4375
474,1.0,0.0,0.0,4.0,-88.74280839205794,-15.0,-73.18555914976395,-3.2428083920579405,6.0,8.53125,442.71875
475,1.0,0.0,0.0,4.0,-88.0,-15.0,-71.88587392869641,-4.0,5.5,12.4375,665.4375
476,1.0,0.0,0.0,3.0,-90.0,-16.0,-76.0,-5.0,6.0,9.125,415.125
477,1.0,0.0,0.0,3.0,-93.0,-15.0,-74.88587392869641,1.0000000000000004,7.5,6.0,245.3125
478,1.0,0.0,0.0,3.0,-91.0,-14.0,-74.0,-1.0,9.0,11.0,598.3125
479,1.0,0.0,0.0,3.0,-92.0,-15.0,-73.18555914976395,-1.0,9.0,12.5625,679.34375
480,1.0,0.0,0.0,3.0,-89.55489532554688,-14.471281046201142,-72.24595133227496,-1.47128104620114,7.5,9.8125,532.625
481,1.0,0.0,0.0,3.0,-88.88587392869641,-14.471281046201142,-72.24595133227496,-2.47128104620114,7.0,5.5625,294.25
482,1.0,0.0,0.0,3.0,-92.22020246011414,-15.885873928696414,-70.84075706384448,-2.47128104620114,4.5,2.5625,135.5625
483,1.0,0.0,0.0,3.0,-93.81698947597886,-17.0,-76.24595133227496,-3.8169894759788665,4.5,5.625,142.5
484,1.0,0.0,0.0,3.0,-92.0,-17.0,-75.0,-7.0,8.0,10.125,308.875
485,1.0,0.0,0.0,3.0,-92.0,-15.471281046201142,-74.24280839205794,-6.242808392057942,5.75,4.875,130.65625
486,1.0,0.0,0.0,3.0,-91.0,-16.0,-69.7445762006788,-3.0000000000000004,5.5,7.375,227.8125
487,1.0,0.0,0.0,3.0,-84.0,-13.0,-67.88587392869641,0.9629279804471425,8.0,5.0,257.875
488,1.0,0.0,0.0,3.0,-86.0,-14.0,-67.88587392869641,3.0,10.0,6.4375,345.9375
489,1.0,0.0,0.0,3.0,-86.0,-14.0,-69.0,2.0,9.0,3.375,184.5
490,1.0,0.0,0.0,3.0,-86.74280839205794,-14.0,-69.0,2.0,9.0,8.25,447.65625
491,1.0,0.0,0.0,3.0,-85.88587392869641,-14.0,-69.24595133227496,3.754048667725041,8.0,11.5,465.4375
492,1.0,0.0,0.0,3.0,-86.81698947597887,-14.471281046201142,-71.88587392869641,2.9629279804471427,6.0,5.375,148.8125
493,1.0,0.0,0.0,3.0,-90.0,-15.0,-71.88587392869641,-1.47128104620114,6.0,6.5,135.5
494,1.0,0.0,0.0,3.0,-88.0,-12.245951332274958,-71.0,-2.7445762006787873,6.5,6.875,273.9375
495,1.0,0.0,0.0,3.0,-88.0,-11.0,-71.0,-12.0,6.0,19.875,904.46875
496,1.0,0.0,0.0,3.5,-88.0,-15.0,-72.24595133227496,-8.0,3.0,7.875,427.0
497,1.0,0.0,0.0,4.0,-88.0,-15.0,-71.24595133227496,-16.0,6.5,9.5625,299.125
498,1.0,0.0,0.0,4.0,-87.0,-14.0,-73.0,-1.0,6.0,3.6875,197.75
499,1.0,0.0,0.0,4.0,-91.0,-17.0,-71.88587392869641,-1.0,5.5,7.3125,291.0625
500,1.0,0.0,0.0,4.0,-90.18555914976395,-16.185559149763947,-71.0,-2.072540753077316,5.0,9.65625,405.90625
501,1.0,0.0,0.0,4.0,-84.03707201955285,-14.471281046201142,-67.03707201955285,-6.885873928696416,3.5,3.25,86.75
502,1.0,0.0,0.0,4.0,-82.0,-14.471281046201142,-65.0,-4.037072019552857,2.0,13.0625,332.375
503,1.0,0.0,0.0,4.0,-82.0,-14.0,-66.55489532554688,-0.24595133227495847,5.5,10.125,405.625
504,1.0,0.0,0.0,4.0,-86.47128104620114,-12.245951332274958,-70.24595133227496,-1.6783437567555333,5.5,7.9375,407.0
505,1.0,0.0,0.0,4.0,-87.0,-11.0,-72.0,-10.0,2.0,14.21875,580.84375
506,1.0,0.0,0.0,4.0,-87.0,-14.0,-70.0,-7.0,2.0,6.3125,323.5625
507,1.0,0.0,0.0,4.0,-83.0,-14.0,-66.0,0.0,9.0,9.0,468.3125
508,1.0,0.0,0.0,3.0,-82.18555914976395,-13.742808392057942,-63.68555914976395,3.0,9.5,11.0625,523.90625
509,1.0,0.0,0.0,3.0,-81.24595133227496,-12.471281046201138,-67.24595133227496,3.52871895379886,7.5,13.0625,591.3125
510,1.0,0.0,0.0,3.0,-82.47128104620114,-12.885873928696414,-66.55489532554688,2.445104674453125,7.0,0.0,0.0
511,1.0,0.0,0.0,3.0,-81.47128104620114,-14.0,-65.0,0.2571916079420594,6.75,0.0,0.0
512,1.0,0.0,0.0,3.0,-80.0,-14.0,-65.88587392869641,1.0000000000000004,6.0,5.75,149.6875
513,1.0,0.0,0.0,3.0,-85.0,-15.0,-65.0,3.9999999999999996,12.0,11.1875,306.8125
514,1.0,0.0,0.0,3.0,-81.0,-14.0,-63.88587392869641,3.9999999999999996,10.0,14.875,718.5625
515,1.0,0.0,0.0,3.0,-79.0,-13.0,-63.0,7.0,9.5,6.6875,311.0
516,1.0,0.0,0.0,3.0,-82.0,-13.0,-65.0,8.0,10.0,16.75,905.875
517,1.0,0.0,0.0,3.0,-80.88587392869641,-13.47128104620114,-63.88587392869641,7.114126071303584,9.5,4.75,246.0
518,1.0,0.0,0.0,3.0,-81.24595133227496,-13.47128104620114,-64.24595133227496,5.999999999999998,7.5,4.625,239.75
519,1.0,0.0,0.0,3.0,-81.88587392869641,-13.0,-65.55489532554688,5.528718953798859,7.0,5.4375,269.75
520,1.0,0.0,0.0,3.5,-81.0,-13.0,-68.0,5.0,4.0,6.125,171.875
521,1.0,0.0,0.0,4.0,-86.55489532554688,-13.742808392057942,-70.88587392869641,1.4274592469226843,6.25,3.21875,96.40625
522,1.0,0.0,0.0,4.0,-85.0,-14.0,-68.88587392869641,-1.0,4.5,4.875,213.8125
523,1.0,0.0,0.0,4.0,-87.0,-14.0,-70.0,-4.0,4.0,5.8125,280.25
524,1.0,0.0,0.0,3.5,-85.0,-15.0,-68.0,-2.0,8.0,6.875,371.75
525,1.0,0.0,0.0,3.0,-88.0,-16.0,-67.81698947597886,-3.0000000000000004,5.5,4.125,162.125
526,1.0,0.0,0.0,3.0,-88.0,-15.24280839205794,-69.57254075307732,-3.0000000000000004,5.25,4.625,158.40625
527,1.0,0.0,0.0,3.0,-88.0,-15.471281046201142,-71.0,-4.2459513322749585,5.0,4.125,168.375
528,1.0,0.0,0.0,3.0,-88.47128104620114,-14.24595133227496,-70.88587392869641,-3.554895325546875,7.5,6.5625,340.375
529,1.0,0.0,0.0,4.0,-86.55489532554688,-13.47128104620114,-68.88587392869641,-0.8858739286964151,8.0,8.25,427.0625
530,1.0,0.0,0.0,4.0,-85.24280839205794,-14.0,-70.0,-0.24280839205793991,5.0,6.03125,307.53125
531,1.0,0.0,0.0,4.0,-86.0,-14.0,-70.88587392869641,-1.0,6.5,4.1875,215.9375
532,1.0,0.0,0.0,4.0,-89.0,-15.0,-68.81698947597886,-4.0,8.0,5.9375,226.4375
533,1.0,0.0,0.0,4.0,-84.0,-14.0,-63.816989475978865,0.0,6.5,7.1875,250.875
534,1.0,0.0,0.0,3.5,-84.0,-14.0,-67.88587392869641,0.0,5.5,4.625,243.25
535,1.0,0.0,0.0,3.0,-86.0,-15.0,-69.0,-1.0,7.0,1.25,37.6875
536,1.0,0.0,0.0,3.0,-90.24595133227496,-15.742808392057942,-75.19150515661919,-3.1855591497639484,8.5,4.5625,178.84375
537,1.0,0.0,0.0,3.0,-92.0,-14.885873928696416,-75.88587392869641,-1.5548953255468758,8.5,2.1875,119.5
538,1.0,0.0,0.0,3.0,-93.55489532554687,-14.0,-77.88587392869641,0.5287189537988601,7.0,4.0625,176.8125
539,1.0,0.0,0.0,3.0,-96.0,-15.24595133227496,-80.24595133227496,0.5287189537988601,5.0,1.6875,92.9375
540,1.0,0.0,0.0,2.5,-96.0,-17.0,-77.0,0.0,7.5,6.625,272.5
541,1.0,0.0,0.0,2.0,-93.24595133227496,-13.0,-77.0,0.0,8.0,4.6875,202.4375
542,1.0,0.0,0.0,2.0,-92.0,-13.0,-77.0,0.0,9.75,1.375,71.25
543,1.0,0.0,0.0,2.0,-93.0,-13.0,-77.0,1.0000000000000004,10.0,4.4375,210.3125
544,1.0,0.0,0.0,2.5,-93.0,-14.0,-77.0,2.0,10.0,5.5625,283.75
545,1.0,0.0,0.0,3.0,-93.0,-12.0,-77.0,3.9999999999999996,7.0,5.5625,231.25
546,1.0,0.0,0.0,3.0,-94.0,-13.0,-77.0,5.0,7.0,7.5625,373.9375
547,1.0,0.0,0.0,3.0,-95.0,-13.0,-77.0,5.999999999999998,7.0,7.0,332.6875
548,1.0,0.0,0.0,3.0,-93.47128104620114,-12.24280839205794,-77.0,5.999999999999998,7.0,5.625,282.0
549,1.0,0.0,0.0,3.0,-93.88587392869641,-12.471281046201138,-77.0,4.754048667725041,7.0,6.125,316.5625
550,1.0,0.0,0.0,3.0,-94.47128104620114,-13.0,-77.88587392869641,3.0,6.0,6.0625,313.8125
551,1.0,0.0,0.0,3.0,-93.47128104620114,-13.885873928696416,-76.22020246011415,0.9629279804471425,4.0,0.9375,27.1875
552,1.0,0.0,0.0,3.0,-92.74280839205794,-13.572540753077316,-74.0,-2.185559149763949,4.0,3.875,191.5
553,1.0,0.0,0.0,3.0,-92.0,-10.0,-75.24595133227496,0.0,4.5,18.4375,796.75
554,1.0,0.0,0.0,3.0,-94.0,-15.0,-74.0,-2.0,6.0,12.375,543.0625
555,1.0,0.0,0.0,3.0,-92.0,-13.0,-76.0,-2.0,5.0,11.0625,550.75
556,1.0,0.0,0.0,3.0,-93.0,-14.0,-77.24595133227496,-3.0000000000000004,6.5,11.4375,615.75
557,1.0,0.0,0.0,3.5,-96.0,-14.0,-79.0,-3.0000000000000004,8.0,10.375,557.75
558,1.0,0.0,0.0,4.0,-96.88587392869641,-15.554895325546877,-81.0,-7.0,4.0,8.4375,395.625
559,1.0,0.0,0.0,4.0,-95.55489532554688,-14.816989475978868,-77.88587392869641,-7.47128104620114,3.0,9.0,382.25
560,1.0,0.0,0.0,4.0,-94.47128104620114,-13.0,-77.0,-4.037072019552857,5.5,4.5625,244.5625
561,1.0,0.0,0.0,4.0,-94.47128104620114,-13.47128104620114,-77.0,-2.47128104620114,9.0,1.5625,56.5625
562,1.0,0.0,0.0,3.0,-93.18555914976395,-13.742808392057942,-75.88587392869641,-1.8858739286964152,8.0,1.53125,63.90625
563,1.0,0.0,0.0,3.0,-91.0,-13.0,-69.81698947597886,1.0000000000000004,7.0,4.5625,181.6875
564,1.0,0.0,0.0,3.0,-83.0,-14.0,-66.88587392869641,1.0000000000000004,6.0,5.375,166.3125
565,1.0,0.0,0.0,3.0,-85.0,-13.0,-66.55489532554688,1.0000000000000004,8.5,3.6875,78.25
566,1.0,0.0,0.0,3.0,-84.0,-13.0,-65.24595133227496,1.0000000000000004,8.5,3.25,139.75
567,1.0,0.0,0.0,3.0,-81.0,-14.0,-66.0,5.0,10.0,8.875,476.625
568,1.0,0.0,0.0,3.0,-82.24595133227496,-14.0,-64.88587392869641,4.114126071303585,8.5,6.5,281.625
569,1.0,0.0,0.0,3.0,-82.24595133227496,-13.47128104620114,-64.0,3.754048667725041,7.0,9.6875,459.1875
570,1.0,0.0,0.0,3.0,-81.47128104620114,-11.885873928696416,-66.0,5.528718953798859,9.0,5.5625,288.625
571,1.0,0.0,0.0,3.0,-82.0,-11.885873928696416,-63.55489532554688,5.999999999999998,9.0,9.0625,475.9375
572,1.0,0.0,0.0,3.0,-82.0,-13.0,-67.0,5.999999999999998,8.0,2.125,110.375
573,1.0,0.0,0.0,3.0,-83.0,-14.0,-63.816989475978865,3.9999999999999996,7.5,7.5625,215.9375
574,1.0,0.0,0.0,3.0,-74.0,-12.0,-58.24595133227496,8.0,11.5,5.8125,289.375
575,1.0,0.0,0.0,3.0,-86.0,-14.0,-60.88587392869641,5.0,11.5,5.6875,200.5625
576,1.0,0.0,0.0,3.0,-80.40656439810233,-13.242808392057942,-62.0,6.52871895379886,11.0,9.46875,413.375
577,1.0,0.0,0.0,3.0,-77.88587392869641,-12.471281046201138,-60.88587392869641,8.114126071303584,10.5,3.9375,172.625
578,1.0,0.0,0.0,3.0,-79.03707201955287,-13.24595133227496,-65.0,6.962927980447143,8.0,4.1875,185.125
579,1.0,0.0,0.0,3.0,-83.88587392869641,-14.471281046201142,-59.47128104620114,2.5287189537988604,10.0,6.375,285.125
580,1.0,0.0,0.0,3.0,-77.59637310505755,-12.885873928696414,-59.81698947597887,4.445104674453125,8.0,8.4375,410.25
581,1.0,0.0,0.0,3.0,-75.0,-12.0,-62.245951332274956,5.999999999999998,9.5,9.6875,417.25
582,1.0,0.0,0.0,4.0,-84.0,-12.0,-65.24595133227496,5.0,10.0,4.5,230.625
583,1.0,0.0,0.0,4.0,-85.0,-14.0,-65.24595133227496,16.999999999999996,9.5,2.6875,85.9375
584,1.0,0.0,0.0,4.0,-81.0,-14.0,-64.0,5.0,8.0,1.6875,71.25
585,1.0,0.0,0.0,4.0,-83.0,-14.0,-66.0,0.0,10.0,6.34375,161.5
586,1.0,0.0,0.0,3.0,-81.88587392869641,-14.471281046201142,-64.88587392869641,0.0,9.5,2.8125,109.0
587,1.0,0.0,0.0,2.0,-81.47128104620114,-15.0,-64.88587392869641,0.0,8.5,1.875,102.0
588,1.0,0.0,0.0,2.0,-82.0,-15.0,-66.0,0.0,8.0,0.0,0.0
589,1.0,0.0,0.0,2.0,-84.0,-13.0,-64.81698947597886,2.0,9.0,0.0,0.0
590,1.0,0.0,0.0,2.0,-84.0,-12.24280839205794,-68.0,3.52871895379886,10.0,0.0,0.0
591,1.0,0.0,0.0,2.0,-82.24595133227496,-11.74280839205794,-67.1915051566192,4.25719160794206,5.0,0.0,0.0
592,1.0,0.0,0.0,2.0,-78.0,-11.0,-61.0,5.0,2.0,0.0,0.0
593,1.0,0.0,0.0,2.0,-83.0,-13.0,-62.81698947597886,7.0,5.5,2.5,106.1875
594,1.0,0.0,0.0,2.0,-83.0,-14.0,-66.0,5.0,9.0,5.8125,320.0625
595,1.0,0.0,0.0,2.0,-81.47128104620114,-14.0,-62.88587392869641,5.0,6.0,1.0,46.0625
596,1.0,0.0,0.0,2.0,-81.0,-14.0,-64.0,2.7797975398858528,7.0,5.5,208.25
597,1.0,0.0,0.0,2.0,-77.03707201955285,-12.885873928696414,-60.03707201955286,-5.0,4.5,6.8125,320.125
598,1.0,0.0,0.0,2.0,-76.81698947597886,-12.885873928696414,-64.0,-3.885873928696415,7.0,12.5625,613.625
599,1.0,0.0,0.0,2.0,-79.47128104620114,-13.47128104620114,-60.88587392869641,-4.2459513322749585,8.5,7.625,404.6875
600,1.0,0.0,0.0,2.0,-79.0,-13.0,-61.47128104620114,-6.0,12.75,7.0,376.6875
601,1.0,0.0,0.0,2.0,-79.0,-12.0,-60.24595133227496,5.0,12.5,3.5625,173.25
602,1.0,0.0,0.0,2.0,-77.88587392869641,-13.554895325546877,-60.24595133227496,4.52871895379886,11.0,4.5625,231.3125
603,1.0,0.0,0.0,2.0,-79.0,-13.0,-60.0,5.0,12.0,11.75,550.0
604,1.0,0.0,0.0,2.0,-79.0,-13.0,-61.47128104620114,5.75719160794206,14.25,17.3125,893.21875
605,1.0,0.0,0.0,2.0,-76.55489532554688,-13.0,-57.59637310505756,7.114126071303584,13.5,13.1875,631.125
606,1.0,0.0,0.0,2.0,-75.0,-13.0,-58.0,7.528718953798858,12.0,13.875,652.8125
607,1.0,0.0,0.0,3.0,-74.47128104620114,-13.242808392057942,-57.47128104620114,6.52871895379886,11.5,8.5,293.5625
608,1.0,0.0,0.0,3.0,-73.0,-14.0,-57.81698947597886,5.0,9.5,6.6875,274.6875
609,1.0,0.0,0.0,3.0,-78.0,-13.0,-59.88587392869641,3.9999999999999996,7.0,4.25,89.4375
610,1.0,0.0,0.0,3.0,-76.0,-13.0,-60.24595133227496,0.0,7.5,3.75,82.4375
611,1.0,0.0,0.0,3.0,-83.0,-14.0,-68.0,11.0,6.0,0.25,6.875
612,1.0,0.0,0.0,3.0,-80.0,-13.0,-60.185559149763954,-1.0,10.0,8.375,406.03125
613,1.0,0.0,0.0,3.0,-79.47128104620114,-13.0,-59.55489532554687,4.628620384793983,11.0,11.4375,463.5625
614,1.0,0.0,0.0,3.0,-75.03707201955285,-13.0,-57.0,7.0,15.0,11.0625,444.5
615,1.0,0.0,0.0,3.0,-73.47128104620114,-12.471281046201138,-52.245951332274956,7.528718953798858,11.0,8.75,411.25
616,1.0,0.0,0.0,3.0,-71.55489532554688,-11.47128104620114,-54.0,8.52871895379886,11.0,5.25,269.75
617,1.0,0.0,0.0,3.0,-70.88587392869641,-11.47128104620114,-56.47128104620114,7.754048667725042,6.25,8.875,404.25
618,1.0,0.0,0.0,3.0,-74.0,-13.0,-55.0,3.0,10.0,6.125,306.75
619,1.0,0.0,0.0,3.0,-73.0,-14.0,-55.0,3.0,10.0,4.9375,255.125
620,1.0,0.0,0.0,3.0,-73.0,-15.0,-55.0,-1.0,10.0,4.0625,148.8125
621,1.0,0.0,0.0,3.0,-72.0,-15.0,-55.0,0.0,10.0,4.625,175.4375
622,1.0,0.0,0.0,3.0,-70.0,-9.0,-55.37137961520601,2.0,4.5,15.5,635.125
623,1.0,0.0,0.0,3.0,-75.55489532554688,-13.906564398102342,-55.40656439810234,-0.1855591497639486,13.0,13.34375,642.59375
624,1.0,0.0,0.0,3.0,-75.55489532554688,-15.471281046201142,-56.0,-2.2459513322749594,5.0,11.0625,476.6875
625,1.0,0.0,0.0,3.0,-74.47128104620114,-14.471281046201142,-59.245951332274956,-4.47128104620114,5.0,7.375,293.5
626,1.0,0.0,0.0,3.0,-74.47128104620114,-14.0,-58.0,-4.47128104620114,4.0,5.75,290.0
627,1.0,0.0,0.0,3.0,-72.24595133227496,-10.037072019552857,-54.0,-1.5548953255468758,9.0,21.25,1122.5
628,1.0,0.0,0.0,3.0,-71.0,-8.0,-55.816989475978865,0.0,7.5,22.6875,1073.5625
629,1.0,0.0,0.0,3.0,-75.0,-14.0,-53.37137961520601,-2.0,7.0,12.8125,633.25
630,1.0,0.0,0.0,3.0,-68.0,-12.0,-52.245951332274956,3.114126071303585,10.0,12.375,509.5
631,1.0,0.0,0.0,3.0,-71.0,-12.0,-50.24595133227496,3.9999999999999996,10.0,6.875,371.8125
632,1.0,0.0,0.0,2.0,-67.81698947597886,-13.24595133227496,-49.0,3.114126071303585,8.0,7.0625,334.0625
633,1.0,0.0,0.0,2.0,-66.0,-12.68555914976395,-49.0,0.5287189537988601,8.0,10.65625,471.03125
634,1.0,0.0,0.0,2.0,-65.47128104620114,-12.0,-46.88587392869641,0.0,8.5,11.125,504.6875
635,1.0,0.0,0.0,2.0,-64.47128104620114,-10.885873928696414,-45.88587392869641,0.5287189537988601,8.5,10.125,544.4375
636,1.0,0.0,0.0,3.0,-64.47128104620114,-10.885873928696414,-47.0,4.183010524021133,6.0,14.625,691.9375
637,1.0,0.0,0.0,3.0,-63.24595133227496,-10.24595133227496,-45.0,6.52871895379886,7.0,12.6875,681.5
638,1.0,0.0,0.0,3.0,-62.0,-9.0,-46.47128104620114,7.0,7.0,16.65625,898.46875
639,1.0,0.0,0.0,3.0,-63.0,-11.0,-47.0,3.0,7.0,18.8125,933.0625
640,1.0,0.0,0.0,3.0,-66.0,-12.0,-49.0,3.0,10.0,18.0,967.3125
641,1.0,0.0,0.0,3.0,-66.0,-12.0,-47.88587392869641,3.0,10.5,17.375,932.375
642,1.0,0.0,0.0,3.0,-65.0,-10.0,-54.0,-6.0,9.0,13.34375,719.5625
643,1.0,0.0,0.0,3.0,-65.88587392869641,-11.24595133227496,-52.88587392869641,4.202084062502739,8.5,19.5625,924.6875
644,1.0,0.0,0.0,3.0,-68.55489532554688,-12.471281046201138,-55.816989475978865,9.779797539885852,10.0,28.625,1362.25
645,1.0,0.0,0.0,3.0,-72.81698947597886,-12.0,-59.0,11.52871895379886,10.0,15.3125,750.0
646,1.0,0.0,0.0,3.0,-76.47128104620114,-12.24280839205794,-60.47128104620114,10.75719160794206,9.25,15.1875,820.53125
647,1.0,0.0,0.0,3.0,-78.0,-13.0,-56.55489532554688,10.0,7.5,13.5,666.8125
648,1.0,0.0,0.0,2.0,-74.0,-13.0,-55.55489532554688,10.445104674453125,13.0,12.625,533.0
649,1.0,0.0,0.0,1.0,-70.0,-15.0,-51.55489532554688,16.0,14.5,11.8125,315.1875
650,1.0,0.0,0.0,1.0,-67.0,-13.0,-51.037072019552866,3.0,5.0,15.125,810.8125
651,1.0,0.0,0.0,1.0,-66.0,-12.0,-49.88587392869641,1.0000000000000004,3.25,20.5625,971.5
652,1.0,0.0,0.0,1.0,-67.55489532554688,-12.885873928696414,-51.245951332274956,2.1141260713035854,6.0,19.25,1022.6875
653,1.0,0.0,0.0,1.0,-67.55489532554688,-13.47128104620114,-50.0,3.0,5.0,12.75,666.1875
654,1.0,0.0,0.0,1.0,-64.88587392869641,-11.885873928696416,-47.0,2.1141260713035854,15.0,20.5625,1024.0
655,1.0,0.0,0.0,1.0,-64.0,-11.0,-49.88587392869641,1.0000000000000004,12.0,15.03125,758.15625
656,1.0,0.0,0.0,2.0,-68.0,-13.0,-47.81698947597886,1.0000000000000004,8.5,18.375,893.5625
657,1.0,0.0,0.0,2.0,-68.0,-10.0,-49.88587392869641,3.0,6.5,16.5625,786.3125
658,1.0,0.0,0.0,2.0,-66.0,-13.0,-50.88587392869641,3.0,7.0,21.0625,1123.25
659,1.0,0.0,0.0,2.0,-67.0,-12.0,-48.24280839205794,-0.1855591497639486,7.5,7.21875,183.75
660,1.0,0.0,0.0,2.5,-67.0,-12.0,-49.0,2.0,9.0,5.625,123.0
661,1.0,0.0,0.0,3.0,-66.47128104620114,-12.885873928696414,-50.0,0.5287189537988601,9.0,23.5,1144.9375
662,1.0,0.0,0.0,3.0,-67.88587392869641,-12.885873928696414,-50.88587392869641,0.0,9.0,25.9375,1397.9375
663,1.0,0.0,0.0,3.0,-69.47128104620114,-14.24280839205794,-54.0,-0.47128104620113964,7.0,14.28125,768.1875
664,1.0,0.0,0.0,3.0,-71.0,-15.0,-55.816989475978865,-2.0,5.5,9.5,390.6875
665,1.0,0.0,0.0,2.0,-72.0,-14.0,-55.0,-5.0,10.0,27.25,1216.25
666,1.0,0.0,0.0,1.0,-66.0,-13.0,-53.55489532554688,3.9999999999999996,8.5,21.5625,1084.125
667,1.0,0.0,0.0,1.0,-73.0,-13.0,-54.245951332274956,2.0,6.5,14.0,538.875
668,1.0,0.0,0.0,1.0,-70.68555914976395,-13.742808392057942,-53.0,0.5287189537988601,7.0,11.125,567.5625
669,1.0,0.0,0.0,1.0,-71.24595133227496,-14.0,-56.47128104620114,-2.0370720195528573,5.0,8.4375,359.25
670,1.0,0.0,0.0,1.0,-73.0,-14.0,-56.0,-4.2459513322749585,2.0,4.0625,194.9375
671,1.0,0.0,0.0,2.0,-72.47128104620114,-14.0,-55.0,-7.0,2.0,7.8125,406.0625
672,1.0,0.0,0.0,2.0,-72.0,-14.0,-55.0,-5.572540753077315,2.0,15.3125,771.59375
673,1.0,0.0,0.0,2.0,-72.0,-14.0,-55.0,-2.0,2.0,13.75,638.125
674,1.0,0.0,0.0,2.0,-72.0,-14.0,-53.88587392869641,-2.0,4.0,14.9375,806.5625
675,1.0,0.0,0.0,2.0,-70.0,-14.0,-55.0,3.0,7.0,17.25,917.0
676,1.0,0.0,0.0,2.0,-73.0,-13.0,-53.88587392869641,2.5287189537988604,6.5,23.375,1259.5
677,1.0,0.0,0.0,2.0,-70.0,-13.0,-56.47128104620114,3.0,6.25,19.78125,1013.84375
678,1.0,0.0,0.0,2.0,-70.88587392869641,-13.0,-55.0,3.0,7.0,21.5,1037.25
679,1.0,0.0,0.0,2.0,-70.88587392869641,-11.885873928696416,-53.0,3.52871895379886,6.0,18.5,995.3125
680,1.0,0.0,0.0,3.0,-70.0,-10.47128104620114,-54.245951332274956,3.52871895379886,6.5,14.5625,784.9375
681,1.0,0.0,0.0,3.0,-71.24595133227496,-10.885873928696414,-56.0,2.5287189537988604,7.0,21.75,1172.875
682,1.0,0.0,0.0,3.0,-73.0,-12.0,-52.07254075307731,2.0,7.0,23.25,1257.78125
683,1.0,0.0,0.0,4.0,-69.0,-8.0,-52.245951332274956,3.9999999999999996,7.5,22.8125,1127.375
684,1.0,0.0,0.0,4.0,-71.0,-13.0,-52.245951332274956,5.0,9.0,22.9375,1137.875
685,1.0,0.0,0.0,3.0,-68.0,-9.0,-49.245951332274956,8.114126071303584,9.0,19.0,1002.25
686,1.0,0.0,0.0,2.0,-65.0,-13.0,-48.0,9.0,8.0,26.34375,1398.28125
687,1.0,0.0,0.0,2.0,-66.55489532554688,-12.471281046201138,-49.55489532554687,11.445104674453123,10.5,25.0625,1190.3125
688,1.0,0.0,0.0,2.0,-66.55489532554688,-11.47128104620114,-48.0,12.528718953798858,9.0,16.5,806.5625
689,1.0,0.0,0.0,2.0,-66.24595133227496,-11.885873928696416,-48.55489532554688,11.114126071303584,11.0,16.6875,739.5
690,1.0,0.0,0.0,3.0,-68.0,-12.471281046201138,-49.245951332274956,11.0,9.0,18.25,907.9375
691,1.0,0.0,0.0,3.0,-68.0,-12.0,-49.47128104620114,11.0,9.0,19.875,1072.15625
692,1.0,0.0,0.0,3.0,-67.0,-11.0,-50.0,10.0,9.0,23.0,1156.8125
693,1.0,0.0,0.0,3.0,-66.0,-13.0,-50.0,9.0,9.0,19.875,969.4375
694,1.0,0.0,0.0,3.0,-66.47128104620114,-12.471281046201138,-52.0,10.528718953798858,9.0,15.75,762.5625
695,1.0,0.0,0.0,3.0,-68.0,-12.0,-50.24595133227496,10.0,9.5,14.75,743.6875
696,1.0,0.0,0.0,3.0,-66.47128104620114,-12.0,-49.0,10.0,10.0,16.125,790.5
697,1.0,0.0,0.0,3.5,-66.0,-12.0,-50.24595133227496,9.52871895379886,9.5,16.125,854.8125
698,1.0,0.0,0.0,4.0,-66.47128104620114,-9.554895325546875,-49.0,10.0,9.0,18.0,911.4375
699,1.0,0.0,0.0,4.0,-67.55489532554688,-10.885873928696414,-53.0,9.52871895379886,9.0,17.875,844.3125
700,1.0,0.0,0.0,3.5,-70.0,-10.0,-53.0,9.0,9.0,13.875,749.25
701,1.0,0.0,0.0,3.0,-71.0,-10.0,-53.0,5.754048667725041,8.0,13.875,745.0625
702,1.0,0.0,0.0,3.0,-70.0,-13.0,-55.0,3.9999999999999996,6.0,18.1875,979.9375
703,1.0,0.0,0.0,3.5,-71.0,-13.0,-53.0,3.9999999999999996,7.0,24.625,1323.875
704,1.0,0.0,0.0,4.0,-70.0,-10.0,-55.0,5.0,7.0,27.125,1236.4375
705,1.0,0.0,0.0,4.0,-71.47128104620114,-10.742808392057942,-55.0,4.25719160794206,7.0,21.0625,898.15625
706,1.0,0.0,0.0,4.0,-71.47128104620114,-11.885873928696416,-55.0,5.114126071303584,7.0,18.3125,896.0
707,1.0,0.0,0.0,4.0,-71.0,-13.0,-53.0,5.114126071303584,7.0,17.8125,894.6875
708,1.0,0.0,0.0,4.0,-69.24595133227496,-10.554895325546877,-52.55489532554687,5.754048667725041,8.5,19.1875,897.4375
709,1.0,0.0,0.0,3.5,-68.0,-9.0,-52.0,7.0,9.0,17.25,931.0
710,1.0,0.0,0.0,3.0,-68.74280839205794,-9.0,-54.18555914976395,7.0,9.0,17.34375,835.5625
711,1.0,0.0,0.0,3.0,-67.0,-12.0,-50.88587392869641,5.0,8.0,18.9375,1023.25
712,1.0,0.0,0.0,3.0,-71.0,-12.0,-54.88587392869641,7.0,9.0,19.4375,1050.5625
713,1.0,0.0,0.0,3.0,-73.0,-13.0,-56.0,3.0,10.0,21.375,861.125
714,1.0,0.0,0.0,3.0,-72.0,-13.0,-57.07254075307731,2.0,9.75,17.96875,968.75
715,1.0,0.0,0.0,3.0,-74.03707201955287,-10.554895325546877,-61.0,3.114126071303585,9.0,16.4375,887.0
716,1.0,0.0,0.0,3.0,-76.24595133227496,-8.47128104620114,-59.245951332274956,3.9999999999999996,8.5,23.5,1180.8125
717,1.0,0.0,0.0,3.0,-75.0,-8.0,-61.55489532554688,2.7540486677250415,7.5,23.625,1274.875
718,1.0,0.0,0.0,3.0,-78.55489532554688,-11.24595133227496,-60.88587392869641,1.528718953798861,8.0,23.75,1279.8125
719,1.0,0.0,0.0,3.0,-75.88587392869641,-10.47128104620114,-59.81698947597887,1.528718953798861,7.0,22.6875,1003.6875
720,1.0,0.0,0.0,3.0,-75.0,-11.0,-61.57254075307732,1.0000000000000004,7.5,15.09375,767.46875
721,1.0,0.0,0.0,3.0,-79.0,-15.0,-63.0,0.0,8.0,8.25,425.625
722,1.0,0.0,0.0,2.0,-78.47128104620114,-14.471281046201142,-61.0,-2.0,7.0,13.5625,565.4375
723,1.0,0.0,0.0,2.0,-78.0,-15.0,-59.245951332274956,-2.0,7.5,10.5625,413.75
724,1.0,0.0,0.0,2.0,-79.0,-15.0,-62.0,-3.0000000000000004,5.0,7.1875,307.5
725,1.0,0.0,0.0,2.0,-79.0,-14.0,-61.47128104620114,-3.0000000000000004,5.5,7.9375,354.25
726,1.0,0.0,0.0,2.0,-77.88587392869641,-14.885873928696416,-60.0,-3.47128104620114,7.0,12.125,513.6875
727,1.0,0.0,0.0,2.0,-78.55489532554688,-15.471281046201142,-62.88587392869641,-4.0,5.0,15.875,722.6875
728,1.0,0.0,0.0,2.0,-78.55489532554688,-13.885873928696416,-61.55489532554688,-4.885873928696415,2.5,5.9375,280.9375
729,1.0,0.0,0.0,2.0,-77.88587392869641,-13.0,-63.24595133227496,-1.2202024601141468,7.0,11.5,576.625
730,1.0,0.0,0.0,2.0,-78.74280839205794,-12.74280839205794,-61.0,2.7540486677250415,10.0,12.6875,690.59375
731,1.0,0.0,0.0,2.0,-78.0,-12.0,-61.0,7.0,10.0,15.0,757.0
732,1.0,0.0,0.0,2.0,-81.0,-14.0,-62.245951332274956,3.9999999999999996,7.5,15.3125,826.125
733,1.0,0.0,0.0,2.0,-77.0,-12.0,-61.0,5.0,9.0,19.6875,1065.9375
734,1.0,0.0,0.0,2.0,-80.0,-13.0,-55.59637310505756,5.999999999999998,10.0,24.125,1283.25
735,1.0,0.0,0.0,2.0,-70.0,-12.0,-57.220202460114145,9.0,10.0,28.875,1544.75
736,1.0,0.0,0.0,2.0,-71.47128104620114,-12.74280839205794,-56.47128104620114,8.25719160794206,10.0,26.40625,1424.84375
737,1.0,0.0,0.0,1.0,-70.88587392869641,-13.0,-53.88587392869641,8.52871895379886,8.0,34.125,1788.6875
738,1.0,0.0,0.0,1.0,-71.55489532554688,-13.0,-55.88587392869641,9.52871895379886,9.0,66.6875,3032.875
739,1.0,0.0,0.0,1.0,-74.0,-12.471281046201138,-55.88587392869641,10.0,10.0,43.125,2326.875
740,1.0,0.0,0.0,1.0,-75.24595133227496,-12.0,-60.0,9.52871895379886,8.0,68.0625,3680.875
741,1.0,0.0,0.0,1.0,-76.47128104620114,-12.24280839205794,-58.0,9.0,9.0,68.0625,3815.78125
742,1.0,0.0,0.0,1.0,-75.0,-13.0,-59.245951332274956,9.0,8.5,36.875,2018.6875
743,1.0,0.0,0.0,1.5,-76.0,-12.0,-59.0,7.0,10.0,39.375,2141.0
744,1.0,0.0,0.0,2.0,-75.0,-13.0,-59.0,8.0,10.0,81.625,3896.125
745,1.0,0.0,0.0,2.0,-74.0,-12.0,-57.88587392869641,7.0,8.0,84.375,4191.8125
746,1.0,0.0,0.0,2.0,-76.0,-13.0,-62.0,7.0,8.0,85.625,4790.1875
747,1.0,0.0,0.0,2.0,-77.47128104620114,-13.0,-60.47128104620114,7.75719160794206,7.25,73.90625,4290.40625
748,1.0,0.0,0.0,2.0,-77.47128104620114,-13.0,-60.0,8.0,7.0,56.5,3200.625
749,1.0,0.0,0.0,2.0,-77.0,-11.24595133227496,-60.0,9.75404866772504,7.0,66.625,3017.0625
750,1.0,0.0,0.0,2.0,-77.0,-10.0,-60.0,11.0,7.0,72.625,3908.75
751,1.0,0.0,0.0,2.0,-77.47128104620114,-11.885873928696416,-60.0,9.114126071303586,7.0,51.1875,2124.25
752,1.0,0.0,0.0,2.0,-74.81698947597886,-11.885873928696416,-56.0,10.0,9.0,57.0,3090.9375
753,1.0,0.0,0.0,2.0,-73.0,-13.0,-51.245951332274956,10.0,9.75,90.625,4043.6875
754,1.0,0.0,0.0,2.0,-69.0,-13.0,-52.88587392869641,13.0,9.0,93.9375,5947.8125
755,1.0,0.0,0.0,2.0,-72.0,-11.0,-54.0,12.0,9.0,102.625,5965.9375
756,1.0,0.0,0.0,2.0,-73.0,-12.0,-56.0,12.0,9.0,78.0625,4072.3125
757,1.0,0.0,0.0,2.0,-72.0,-13.0,-56.0,12.0,9.0,68.8125,4816.75
758,1.0,0.0,0.0,2.0,-73.0,-12.0,-57.931967542818235,13.0,8.75,61.46875,3032.875
759,1.0,0.0,0.0,2.0,-73.47128104620114,-12.0,-59.59637310505756,12.114126071303584,8.5,51.75,2155.0
760,1.0,0.0,0.0,2.0,-74.0,-12.471281046201138,-57.0,10.528718953798858,9.0,55.4375,2963.0
761,1.0,0.0,0.0,2.0,-73.47128104620114,-13.0,-57.0,10.528718953798858,9.0,57.5625,3172.0
762,1.0,0.0,0.0,2.0,-71.88587392869641,-12.471281046201138,-57.88587392869641,9.445104674453123,8.5,114.0625,5408.0625
763,1.0,0.0,0.0,2.0,-72.24595133227496,-12.0,-58.18555914976395,8.0,8.0,55.25,3001.5
764,1.0,0.0,0.0,2.5,-77.0,-12.0,-57.245951332274956,8.0,8.5,68.625,3861.25
765,1.0,0.0,0.0,3.0,-74.0,-12.0,-54.55489532554687,10.0,9.5,65.625,3559.25
766,1.0,0.0,0.0,3.0,-76.0,-13.0,-56.55489532554688,8.0,9.5,87.4375,4045.75
767,1.0,0.0,0.0,3.0,-69.0,-12.0,-54.37137961520602,10.0,8.5,53.125,2857.4375
768,1.0,0.0,0.0,3.0,-74.0,-13.0,-57.0,10.0,9.0,49.5625,3090.9375
769,1.0,0.0,0.0,2.0,-74.0,-12.74280839205794,-57.24280839205794,10.0,9.5,51.1875,2870.40625
770,1.0,0.0,0.0,2.0,-76.7445762006788,-12.471281046201138,-60.67834375675553,9.52871895379886,8.0,60.6875,2317.8125
771,1.0,0.0,0.0,2.0,-87.24595133227496,-13.47128104620114,-72.88587392869641,7.445104674453125,6.0,43.625,2525.4375
772,1.0,0.0,0.0,2.0,-90.24595133227496,-14.0,-71.03707201955287,3.445104674453125,6.5,22.8125,1151.875
773,1.0,0.0,0.0,2.0,-93.24595133227496,-14.471281046201142,-76.24595133227496,-0.8169894759788665,7.5,15.0625,495.4375
774,1.0,0.0,0.0,3.0,-94.47128104620114,-15.0,-78.0,-3.47128104620114,8.0,12.9375,542.25
775,1.0,0.0,0.0,3.0,-94.0,-15.0,-80.18555914976395,-3.0000000000000004,3.5,10.40625,253.03125
776,1.0,0.0,0.0,3.0,-98.0,-16.0,-78.55489532554688,-5.0,2.0,20.875,390.6875
777,1.0,0.0,0.0,3.0,-95.0,-14.0,-78.47128104620114,-4.0,4.5,18.0625,636.6875
778,1.0,0.0,0.0,2.0,-96.81698947597887,-15.554895325546877,-80.47128104620114,-4.885873928696415,4.0,7.1875,389.9375
779,1.0,0.0,0.0,2.0,-98.0,-17.0,-78.0,-8.0,4.0,9.875,508.9375
780,1.0,0.0,0.0,2.0,-94.0,-16.0,-78.0,-7.0,4.0,21.53125,1094.875
781,1.0,0.0,0.0,2.0,-94.88587392869641,-16.471281046201142,-78.88587392869641,-7.0,5.0,16.5625,881.375
782,1.0,0.0,0.0,2.0,-96.0,-17.0,-84.0,-8.0,3.0,29.125,1091.75
